AnimalID,SampleID,Analyse,Selected,BrainRegion,Slide,Slice,PunchSize,PunchNb,Punch_Time,Punch,Crack,Amount,Transfer,Location,Consistency,PictureID,Confidence,Comments,
Z3F022,1,,,PRL,4,4,0.5,3,17:55,,NA,NA,NA,NA,NA,No,1,f13 ,
Z3F022,1B,,,PRL ,5,1,0.5,3,,,NA,NA,NA,NA,NA,No,1,first slice before ec joints; confidence interval equals 1 considering where ACA joint,
Z3F022,2,,,ACBcore,5,4,0.5,1,,,NA,NA,NA,NA,NA,No,2,f19; but aca still quite lateral; one slice after ec joint,
Z3F022,3,,,ACBshell,5,4,0.5,1,,,NA,NA,NA,NA,NA,No,3,f19; but aca still quite lateral; may have taken a bit of ACBcore,
Z3F022,4,,,LS,6,1,0.5,2,,,Yes,NA,NA,NA,NA,No,3,f23; could not see the ventricle thought was a bit low; too ventral; punch taken too ventrally; brain slice cracked when punched. ,
Z3F022,4B,,,LS,6,2,0.5,2, ,,Yes,NA,NA,NA,NA,No,3,ventricle well visible,
Z3F022,5,,Yes,mPA,7,1,0.5,1,,,NA,NA,NA,NA,NA,No,2,f34,
Z3F022,7,,,VMH,8,2,0.5,2,,,NA,NA,NA,NA,NA,No,4,sample number to check; f; decided to punch on same slide than hippocampus because of slicing not being in the plan; region really difficult to spot since cannot see optic tract ,
Z3F022,6,,,MeAMY,8,2,0.5,2,,,NA,NA,NA,NA,NA,No,4,sample number to check; f,
Z3F022,8 or 9,,,CA1,8,2,0.5,2,,,NA,NA,NA,NA,NA,No,3,sample number to check; f; ,
Z3F022,8 or 9,,,CA3,8,2,0.5,2,,,NA,NA,NA,NA,NA,No,3,sample number to check; f; ,
L2F010,10,,,PRL,4,2,0.5,3,16:15,,NA,NA,NA,NA,NA,No,1,punch perhaps slightly too codal,
L2F010,11,,,ACBcore,5,1,0.5,1,,,NA,NA,NA,NA,NA,No,1,,
L2F010,12,,,ACBshell,5,1,0.5,1,,,NA,NA,NA,NA,NA,No,2,perhaps sampled a bit of ACBcore,
L2F010,13,Yes,,LS,5,3,0.5,2,16:32,,NA,NA,NA,NA,NA,No,2,not medial enough,
L2F010,14,No,,LS,5,2,0.5,2,16:35,,NA,NA,NA,NA,NA,No,2,slice was torn close to LS; thus more material came when punched; not medial,
L2F010,15,,Yes,mPA,6,2,0.5,1,16:37,,NA,NA,NA,NA,NA,No,1,punch perhaps a bit too lateral,
L2F010,16,No,,VMH,7,4,0.5,1,16:40,,NA,NA,NA,NA,NA,No,3,punch too high; 1/3 out,
L2F010,18,Yes,,VMH,8,1,0.5,1,16:44,,NA,NA,NA,NA,NA,No,1,,
L2F010,17,No,,MeAMY,7,4,0.5,1,16:42,,NA,NA,NA,NA,NA,No,2,punch perhaps too interior ,
L2F010,19,Yes,,MeAMY,8,1,0.5,1,16:46,,NA,NA,NA,NA,NA,No,2,punch perhaps too lateral,
L2F010,20,No,,CA1,8,2,0.5,1,16:50,,NA,NA,NA,NA,NA,No,2,punch perhaps too low,
L2F010,22,Yes,,CA1,8,3,0.5,1,16:54,,NA,NA,NA,NA,NA,No,1,perhaps two punches taken,
L2F010,21,No,,CA3,8,3,0.5,2,16:52,,NA,NA,NA,NA,NA,No,5,do not analyse; punch too high; refer to hardcopy drawing,
BEF001,23,Yes,,PRL,4,3,0.5,3,21:46,,NA,NA,NA,NA,NA,No,1,,
BEF001,24,No,,PRL,4,2,0.5,2,21:50,,NA,NA,NA,NA,NA,No,1,not sure any material taken,
BEF001,25,No,,ACBcore,4,4,0.5,1,21:53,,NA,NA,NA,NA,NA,No,2,ACBcore and ACBshell probably sampled too close from eachother; ACBcore not punched dorsal enough; should have been punched closer to aca; perhaps punched a bit off ACBshell,
BEF001,27,Yes,,ACBcore,5,1,0.5,1,,,NA,NA,NA,NA,NA,No,1,Punch originially not planned on this slide but better location; punch one slice after ec joint,
BEF001,26,No,,ACBshell,4,4,0.5,1,21:55,,NA,NA,NA,NA,NA,No,2,,
BEF001,28,Yes,,ACBshell,5,1,0.5,1,21:57,,NA,NA,NA,NA,NA,No,1,Punch too close from ACBcore; punch not planned on this slice but better location,
BEF001,29,Yes,,LS,5,2,0.5,2,22:00,,NA,NA,NA,NA,NA,No,2,Punch too lateral; also most central part of brain may be missing,
BEF001,30,No,,LS,5,3,0.5,,22:02,,NA,NA,NA,NA,NA,No,3,Punch too lateral; even more than sample 29,
BEF001,31,,Yes,mPA,6,2,0.5,,22:06,,NA,NA,NA,NA,NA,No,1,,
BEF001,35,Yes,,VMH,7,4,0.5,1,22:16,,NA,NA,NA,NA,NA,No,2,Punch should have been more central,
BEF001,41,No,,VMH,8,1,0.5,1,22:25,,NA,NA,NA,NA,NA,No,2,Punch a bit too high ,
BEF001,34,Yes,,MeAMY,7,4,0.5,1,22:17,,NA,NA,NA,NA,NA,No,2,Punch too lateral; refer to drawing on hardcopy ,
BEF001,42,No,,MeAMY,8,1,0.5,1,22:24,,NA,NA,NA,NA,NA,No,2,Punch too lateral,
BEF001,32,Yes,,CA1,7,4,0.5,1,22:12,,NA,NA,NA,NA,NA,No,1,Better than sample 39 because punched higher,
BEF001,39,No,,CA1,8,1,0.5,1,22:20,,NA,NA,NA,NA,NA,No,3,Too close to DG or PG,
BEF001,33,No,,CA3,7,4,0.5,1,22:15,,NA,NA,NA,NA,NA,No,5,Do not analyse; punch too low,
BEF001,40,No,,CA3,8,1,0.5,1,22:22,,NA,NA,NA,NA,NA,No,5,"Do not analyse; collected too low; not as bad as sample 33; if I would have to choose one of the two CA3, choose sample 40 over 33, but punch only took a bit of CA3",
GRF005,36,,,PRL,3,3,0.5,3,11:52,,NA,NA,NA,NA,NA,No,,,
GRF005,37,,,ACBcore,4,1,0.5,1,11:54,,NA,NA,NA,NA,NA,No,,No decision made on which sample to analyse ,
GRF005,43,,,ACBcore,4,2,0.5,,11:58,,NA,NA,NA,NA,NA,No,,No decision made on which sample to analyse ,
GRF005,38,,,ACBshell,4,1,0.5,1,11:57,,NA,NA,NA,NA,NA,No,,No decision made on which sample to analyse ,
GRF005,44,,,ACBshell,4,2,0.5,,11:59,,NA,NA,NA,NA,NA,No,,No decision made on which sample to analyse ,
GRF005,45,,,LS,4,3,0.5,2,12:00,,NA,NA,NA,NA,NA,No,,No decision made on which sample to analyse ,
GRF005,46,,Yes,mPA,5,3,0.5,1,12:00,,NA,NA,NA,NA,NA,No,,Punch perhaps a bit too lateral,
GRF005,47,,,mPA,5,4,0.5,1,NA,,NA,NA,NA,NA,NA,No,,No decision made on which sample to analyse ,
GRF005,,,,VMH,5,4,0.5,,,,Yes,NA,NA,NA,NA,No,,wanted to punch here but tissue cracked,
GRF005,52,,,VMH,6,1,0.5,1,12:16,,NA,NA,NA,NA,NA,No,,,
GRF005,50,,,MeAMY,5,4,0.5,1,,,NA,NA,NA,NA,NA,No,,Punch where there was space left; no decision on which sample to analyse,
GRF005,53,,,MeAMY,6,1,0.5,,12:17,,NA,NA,NA,NA,NA,No,,No decision made on which sample to analyse ,
GRF005,48,,,CA1,5,4,0.5,1,,,NA,NA,NA,NA,NA,No,,No decision made on which sample to analyse ,
GRF005,54,,,CA1,6,1,0.5,2,12:19,,NA,NA,NA,NA,NA,No,,If one sample to be selected should perhaps be 54 because two punches were taken ,
GRF005,49,,,CA3,5,4,0.5,1,,,NA,NA,NA,NA,NA,No,,,
GRF005,55,,,CA3,6,1,0.5,2,12:20,,NA,NA,NA,NA,NA,No,,If one sample to be selected should perhaps be 54 because two punches were taken ,
G4F020,72,No,,PRL,1,4,0.5,3,,,Yes,NA,NA,NA,NA,No,5,Do not analyse; slice broke; no tissue collected,
G4F020,73,Yes,,PRL,2,1,0.5,2,,,Yes,NA,NA,NA,NA,No,2,Slice cracked again but better than sample 72; could not access the location of punch on microscope since slice had cracked ,
G4F020,74,,,ACBcore,2,3,0.5,1,,,NA,NA,NA,NA,NA,No,5,Punch too high,
G4F020,76,,,ACBcore,2,4,0.5,1,,,Yes,-1,NA,NA,NA,No,5,"Looks like no tissue collected; cracked; if one sample to be chosen, 76 should be favoured over 74",
G4F020,75,Yes,,ACBshell,2,3,0.5,1,,,NA,NA,NA,NA,NA,No,2,,
G4F020,77,No,,ACBshell,2,4,0.5,1,NA,,NA,NA,NA,NA,NA,No,,,
G4F020,,,,LS,2,4,0.5,,,,Yes,NA,NA,NA,NA,No,5,Where wanted to punch but slice cracked,
G4F020,79,Yes,,LS,3,1,0.5,,15:44,,NA,NA,NA,NA,NA,No,2,,
G4F020,78,Yes,Yes,mPA,3,4,0.5,1,15:48,,NA,NA,NA,NA,NA,No,1,,
G4F020,94,Yes,,VMH,4,4,0.5,1,,,NA,NA,NA,NA,NA,No,3,,
G4F020,92,No,,VMH,4,3,0.5,1,,,NA,NA,NA,NA,NA,No,3,,
G4F020,93,,,MeAMY,4,4,0.5,1,,,NA,NA,NA,NA,NA,No,3,Punch location does not look too bad but I generally doubt VMH and MeAMY,
G4F020,80,No,,CA1,5,1,0.5,,,,NA,1,NA,NA,NA,No,3,Punch too low; too much material too much material collected,
G4F020,83,Yes,,CA1,4,4,0.5,,,,NA,NA,NA,NA,NA,No,2,Position looks good;,
G4F020,81,No,,CA3,5,1,0.5,,,,NA,NA,NA,NA,NA,No,2,,
G4F020,82,Yes,,CA3,4,4,0.5,,,,NA,NA,NA,NA,NA,No,2,Punch location looks good;,
G10F025,84,No,,PRL,1,3,0.5,2,,,Yes,NA,NA,NA,NA,No,,Slice cracked when punch taken; upper punch taken too high,
G10F025,85,Yes,,PRL,1,4,0.5,2,,,NA,NA,NA,NA,NA,No,1,May have collected in IL,
G10F025,86,,,ACBcore,2,1,0.5,1,18:32,,NA,NA,NA,NA,NA,No,1,Taken much further away than ACA,
G10F025,87,,,ACBshell,2,1,0.5,1,18:34,,NA,NA,NA,NA,NA,No,1,,
G10F025,88,,,LS,2,3,0.5,2,18:37,,NA,NA,NA,NA,NA,No,2,Certainly a bit too lateral,
G10F025,89,,,mPA,3,3,0.5,1,18:42,,NA,NA,NA,NA,NA,No,2,Too ventral; too lateral; No decision on made on which sample to analysis,
G10F025,90,,Yes,mPA,3,4,0.5,1,18:44,,NA,NA,NA,NA,NA,No,,Too ventral; too lateral; No decision on made on which sample to analysis,
G10F025,97,No,,VMH,4,3,0.5,1,,,NA,-1,NA,NA,NA,No,5,No material taken ,
G10F025,98,Yes,,VMH,4,4,0.5,1,18:54,,NA,NA,NA,NA,1,No,3,,
G10F025,99,No,,VMH,4,2,0.5,1,18:56,,NA,NA,NA,NA,NA,No,3,,
G10F025,100,Yes,,MeAMY,4,3,0.5,1,18:57,,NA,NA,NA,NA,NA,No,3,First slice where IC touches ventral side,
G10F025,101,No,,MeAMY,4,4,0.5,1,18:59,,NA,NA,NA,NA,NA,No,,,
G10F025,102,No,,MeAMY,4,4,0.5,1,19:00,,NA,-1,NA,NA,NA,No,5,Nothing taken ,
G10F025,95,Yes,,CA1,4,1,0.5,2,18:42,,NA,NA,NA,NA,NA,No,1,,
G10F025,96,Yes,,CA3,4,1,0.5,2,18:48,,NA,NA,NA,NA,NA,No,1,,
T1F005,56,Yes,,PRL,2,3,0.5,3,13:18,,NA,NA,NA,NA,NA,No,1,,
T1F005,57,Yes,,ACBcore,2,4,0.5,1,13:19,,NA,NA,NA,NA,NA,No,2,,
T1F005,59,,,ACBcore,3,1,0.5,1,13:24,,NA,NA,NA,NA,1,No,1,punched one slice after what was originally planned; but punch location better than 57,
T1F005,58,Yes,,ACBshell,2,4,0.5,1,13:20,,NA,NA,NA,NA,NA,No,2,Punch too low ,
T1F005,60,,,ACBshell,3,1,0.5,1,13:24,,NA,NA,NA,NA,NA,No,1,punched one slice after what was originally planned; but punch location better than 57,
T1F005,61,Yes,,LS,3,2,0.5,2,,,NA,NA,NA,NA,NA,No,2,Punch slightly too lateral,
T1F005,62,No,,mPA,4,3,0.5,1,13:30,,Yes,NA,NA,NA,NA,No,3,Confidence=3 because of crack not becaue of location,
T1F005,63,Yes,Yes,mPA,4,3,0.5,1,12:32,,NA,NA,NA,NA,NA,No,2,Slice possibly 4; punch collected after aca has joined,
T1F005,64,Yes,,VMH,5,3,0.5,1,12:36,,NA,NA,NA,NA,NA,No,,Analyse=yes because first slice where fibre is seen to go down ventrally,
T1F005,66,No,,VMH,5,4,0.5,1,12:38,,NA,NA,NA,NA,NA,No,,,
T1F005,65,Yes,,MeAMY,5,3,0.5,1,12:36,,NA,NA,NA,NA,NA,No,,Analyse=yes because first slice where fibre is seen to go down ventrally,
T1F005,67,No,,MeAMY,5,4,0.5,1,12:40,,NA,NA,NA,NA,NA,No,,,
T1F005,68,Yes,,CA1,6,2,0.5,2,12:43,,NA,NA,NA,NA,NA,No,1,,
T1F005,70,No,,CA1,6,3,0.5,,,,NA,NA,NA,NA,NA,No,,,
T1F005,69,,,CA3,6,2,0.5,2,12:44,,NA,NA,NA,NA,NA,No,2,,
T1F005,71,,,CA3,6,3,0.5,,,,NA,NA,NA,NA,NA,No,,,
L2F009,103,Yes,,PRL,1,1,0.5,2,,,Yes,YES,YES,3,too caudal,No,NA,"ec joints at the back of the slice; but this is the only slice I have, Consistency = too caudal",From this moment crack/amount/transfer/locat/consistency recorded
L2F009,107,Yes,,ACBcore,2,1,0.5,1,16:51,,No,,YES,1,,No,NA,,
L2F009,110,No,,ACBcore,2,2,0.5,1,16:57,,Yes,1,YES,1,,No,NA,,
L2F009,108,Yes,,ACBshell,2,1,0.5,1,16:51,,No,Yes,YES,2,,No,NA,,
L2F009,111,No,,ACBshell,2,2,0.5,1,16:58,,No,YES,YES,2,,No,NA,,
L2F009,109,Yes,,LS,2,3,0.5,2,16:53,,No,YES,YES,1,,No,NA,,
L2F009,112,No,,mPA,3,1,0.5,1,17:07,,YES,1,YES,2,,No,NA,,
L2F009,113,Yes,Yes,mPA,3,2,0.5,1,17:09,,No,YES,YES,1,,No,NA,,
L2F009,115,Yes,,VMH,4,4,0.5,1,17:27,,No,YES,YES,1,,No,NA,,
L2F009,116,,,AMY,4,4,0.5,1,17:28,,No,YES,YES,0,,No,NA,"Punched on the ""optic tract""; too ventrally; do not analyse",
L2F009,117,Yes,,CA1,5,1,0.5,2,,,No,YES,YES,1,,No,NA,,
L2F009,118,No,,CA3,5,1,0.5,1,,,YES,YES,YES,0,,No,NA,Tried to take a punch on a different slice but no success; do not analyse,
G1F025,119,No,,PRL,1,2,0.5,2,10:50,,YES,1,YES,1,,No,NA,"Should have been punched higher, bit more central",
G1F025,120,Yes,,PRL,1,3,0.5,2,,,NA,YES,YES,1,NA,No,NA,Perhaps punch was not dry enough,
G1F025,121,Yes,,ACBcore,2,1,0.5,1,11:02,,NA,-1,YES,1,NA,No,NA,Could have been punched closer to aca ,From this date onwards acb core and shell collected as suggested by Marianna 
G1F025,124,No,,ACBcore,2,2,0.5,1,11:07,,NA,YES,YES,1,NA,No,NA,,
G1F025,122,Yes,,ACBshell,2,1,0.5,1,,,NA,YES,YES,2,NA,No,NA,Punch probably a bit too central; location difficult to assess because aca is more lateral than usual.,
G1F025,125,No,,ACBshell,2,2,0.5,1,11:09,,NA,YES,-1,3,NA,No,NA,location difficult to assess because aca is more lateral than usual.,
G1F025,123,,,LS,2,3,0.5,2,,,NA,YES,YES,1,NA,No,NA,,
G1F025,126,Yes,Yes,mPA,3,3,0.5,1,,,NA,YES,YES,2,NA,No,NA,Too lateral,
G1F025,127,No,,mPA,3,4,0.5,1,,,YES,increased,YES,2,NA,No,NA,,
G1F025,131,No,,VMH,5,4,0.5,1,11:28,,NA,YES,YES,2,NA,No,NA,Punch a bit too lateral ,
G1F025,133,Yes,,VMH,5,3,0.5,1,11:31,,NA,YES,YES,2,NA,No,NA,Punch a bit too lateral; should have been punched at slide 5 slice 2 ,
G1F025,130,No,,AMY,5,4,0.5,1,11:27,,NA,YES,YES,2,NA,No,NA,Punch a bit wet ,
G1F025,132,Yes,,AMY,5,3,0.5,1,11:30,,YES,increased,YES,2,NA,No,NA,Should have been punched at slide 5 slice 2 ,
G1F025,128,Yes,,CA1,4,2,0.5,2,,,NA,YES,YES,1,1,No,NA,Punch one slide after what I wanted,
G1F025,134,No,,CA1,5,1,0.5,2,11:33,,NA,YES,YES,1,NA,No,NA,Punch a bit wet ,
G1F025,129,Yes,,CA3,4,2,0.5,2,,,NA,YES,YES,2,NA,No,NA,Punch a bit too central,
G1F025,135,No,,CA3,5,1,0.5,2,11:34,,NA,YES,YES,2,NA,No,NA,Prunch a bit too central and frozen ; probably took a bit of CA2,
GRF002,136,No,,PRL,1,3,0.5,3,11:59,,NA,YES,YES,1,,No,NA,Consistency = Yes whatever that means,
GRF002,137,Yes,,PRL,1,2,0.5,3,12:01,,NA,YES,YES,1,,No,NA,Consistency = Yes whatever that means,
GRF002,138,No,,ACBcore,2,1,0.5,1,12:07,,NA,YES,YES,3,,No,NA,Punch collected above aca ,
GRF002,140,Yes,,ACBcore,2,1,0.5,1,,,No,YES,YES,2,,No,NA,Collected a bit of aca; collected a bit too central,
GRF002,139,No,,ACBshell,2,1,0.5,1,12:08,,NA,,YES,3,,No,NA,Too close to ec,
GRF002,141,Yes,,ACBshell,2,1,0.5,1,,,No,,YES,2,,No,NA,Too close to ec; collected punch more central than 139,
GRF002,142,Yes,,LS,2,4,0.5,2,,,NA,,YES,2,1,No,NA,Punch was wet; wanted to punch slice before but slice was lost ,
GRF002,143,No,,LS,2,2,0.5,2,12:18,,NA,,YES,,,No,NA,Punch was wet,
GRF002,145,Yes,Yes,mPA,4,2,0.5,1,13:21,,NA,YES,YES,1,,No,NA,Consistency = Yes whatever that means,
GRF002,144,No,,mPA,4,3,0.5,1,,,NA,YES,YES,1,,No,NA,Consistency = Yes whatever that means,
GRF002,148,Yes,,VMH,5,2,0.5,1,13:30,,NA,YES,YES,1,,No,NA,,
GRF002,150,No,,VMH,5,1,0.5,1,13:32,,NA,YES,YES,2,,No,NA,Slide would have been better but location not as good as sample 148,
GRF002,149,Yes,,AMY,5,2,0.5,1,13:31,,NA,YES,YES,2,,No,NA,Gap between punch and fibre ,
GRF002,151,No,,AMY,5,1,0.5,1,13:34,,NA,YES,YES,,,No,NA,Slide would have been better but location not as good as sample 149; punch probably too central ,
GRF002,146,Yes,,CA1,5,2,0.5,2,13:27,,NA,YES,YES,1,,No,NA,Consistency = Yes whatever that means,
MAF003,158,Yes,,PRL,1,3,0.5,3,13:00,,NO,YES,YES,1,1,No,NA,,
MAF003,155,No,,PRL,1,2,0.5,3,13:03,,NO,YES,YES,1,2,No,NA,,
MAF003,156,Yes,,ACBcore,2,2,0.5,1,13:13,,NO,YES,YES,1,,No,NA,,
MAF003,153,No,,ACBcore,2,2,0.5,1,13:15,,NO,YES,YES,,,No,NA,Punch more ventral than sample 156,
MAF003,154,No,,ACBcore,2,1,0.5,1,13:14,,NO,YES,YES,1,,No,NA,,
MAF003,157,Yes,,ACBshell,2,2,0.5,1,13:10,,NO,YES,YES,2,,No,NA,Punch could have been more central; possibly sampled a bit of ACBcore,
MAF003,152,No,,ACBshell,2,1,0.5,1,,,NO,YES,YES,3,,No,NA,Not ventral enough,
MAF003,159,No,,LS,3,2,0.5,2,13:18,,NO,YES,YES,2,,No,NA,Should have been punched more central ,
MAF003,160,Yes,,LS,3,1,0.5,2,13:20,,NO,1,YES,1.5,,No,NA,Location on slice is better than on sample 159,
MAF003,161,Yes,,mPA,4,3,0.5,1,13:24,,NO,YES,YES,1,,No,NA,,
MAF003,162,No,Yes,mPA,4,3,0.5,1,,,NO,,,1,,No,NA,Was slice of reference; could not see tissue although could see the whole of the punch; re-punched on same location and material was taken ,
MAF003,165,Yes,,VMH,5,2,0.5,1,12:30,,NO,YES,YES,2,,No,NA,Punched too low; definitely sampled abit of ArcM,
MAF003,163,No,,AMY,5,3,0.5,1,,,NO,YES,YES,2,,No,NA,,
MAF003,166,Yes,,AMY,5,2,0.5,1,12:32,,NO,YES,YES,2,,No,NA,Punched on this slice to stay consistent with VMH,
MAF003,167,Yes,,CA1,5,3,0.5,2,13:34,,NO,,YES,2,,No,NA,Crystals on slice thus wet; punched too ventral ,
MAF003,170,No,,CA1,6,2,0.5,2,13:40,,NO,,YES,1,,No,NA,Punch was wet; location better than 167 but one slice to caudal,
MAF003,168,Yes,,CA3,5,3,0.5,2,13:35,,NO,,YES,1,,No,NA,Punch wet; crystal on slice; punch too caudal ,
MAF003,169,No,,CA3,6,2,0.5,2,13:38,,NO,YES,YES,1,,No,NA,Too caudal;  location better than 168 but one slice to caudal,
N0M003,171,,,PRL,1,2,0.5,3,20:04,,NO,,YES,1,,No,NA,Punched one slice before planned because of slices not made in the plan ,
N0M003,172,,,PRL,1,3,0.5,3,20:05,,YES,1,YES,1,,No,NA,,
N0M003,173,No,,ACBcore,3,2,0.5,,,,NO,0,0,3,,No,NA,"One slice after originally planned because of slicing issue, see hardcopy ",
N0M003,176,Yes,,ACBcore,3,1,0.5,,,,,,,1,,No,NA,Would have selected 173 but 173 too far from aca and therefore 176 should be chosen ,
N0M003,174,No,,ACBshell,3,2,0.5,,,,NO,-1,YES,2,,No,NA,"One slice after originally planned because of slicing issue, see hardcopy ",
N0M003,175,Yes ,,ACBshell,3,1,0.5,,19:20,,NO,YES,YES,2,,No,NA,Perhaps a bit too dorsal ,
N0M003,177,No,,LS,4,2,0.5,,19:24,,NO,YES,YES,2.5,,No,NA,Perhaps a bit too ventral,
N0M003,178,Yes,,LS,4,1,0.5,2,,,NO,-1,YES,2.5,,No,NA,Punch perhaps a bit too lateral; material does not stick fully to micropunch ,
N0M003,179,No,,mPA,4,3,0.5,1,,,NO,1,YES,1,,No,NA,material does not stick fully to micropunch ,
N0M003,180,Yes,Yes,mPA,4,2,0.5,1,,,NO,YES,YES,1,,No,NA,material does not stick fully to micropunch,
N0M003,186,Yes,,VMH,6,3,0.5,1,,,NO,0,NA,1,,No,NA,,
N0M003,188,No,,VMH,7,1,0.5,1,,,NO,YES,YES,2.5,,No,NA,A bit too lateral ,
N0M003,185,Yes,,AMY,6,3,0.5,1,20:34,,NO,YES,YES,2,,No,NA,Perhaps a bit too lateral,
N0M003,187,No,,AMY,7,1,0.5,1,,,YES,YES,YES,2,,No,NA,Perhaps a bit too lateral,
N0M003,181,Yes,,CA1,6,3,0.5,2,19:32,,NO,YES,YES,1,,No,NA,,
N0M003,184,No,,CA1,6,2,0.5,2,19:38,,NO,YES,YES,1,,No,NA,,
N0M003,182,Yes,,CA3,6,3,0.5,2,19:34,,NO,YES,YES,1,,No,NA,,
N0M003,183,No,,CA3,6,2,0.5,2,19:35,,NO,YES,YES,1,,No,NA,,
DAM007,222,No,,PRL,1,4,0.5,3,,,NO,YES,YES,0,,No,NA,Too rostral ,
DAM007,223,Yes,,PRL,2,2,0.5,3,17:45,,NO,YES,YES,1,,No,NA,ec joints at back of slice; maybe too caudal put punch looks better than 224  ,
DAM007,224,No,,PRL,2,1,0.5,,17:47,,NO,YES,YES,2,,No,NA,,
DAM007,225,Yes,,ACBcore,3,1,0.5,1,17:53,,NO,YES,YES,1,,No,NA,,
DAM007,228,No,,ACBcore,3,2,0.5,1,18:06,,NO,YES,YES,2,,No,NA,Took a bit of aca; took just above it ,
DAM007,226,Yes,,ACBshell,3,1,0.5,1,17:55,,,-1,YES,1,,No,NA,,
DAM007,230,No,,ACBshell,3,2,0.5,1,18:07,,NO,0,NA,1,,No,NA,Micropunch retract before could transfer eppendorf; perhaps a bit too lateral but was missing a bit of right hemisphere,
DAM007,227,,,LS,3,3,0.5,2,18:04,,NO,YES,YES,2,,No,NA,,
DAM007,229,,,LS,3,4,0.5,2,,,NO,-1,YES,2,,No,NA,,
DAM007,231,No,,mPA,4,2,0.5,1,18:21,,NO,YES,YES,2,2,No,NA,Too rostral,
DAM007,232,Yes,Yes,mPA,4,3,0.5,1,18:23,,YES,YES,YES,2,1,No,NA,Selected over 231 because of better consistency ,
DAM007,233,,,VMH,5,4,0.5,,,,NO,YES,YES,0,,No,NA,VMH may not have been on brain slice; too lateral; slice melted before punch collection ,
DAM007,236,,,VMH,5,3,0.5,,,,,,,0,,No,NA,VMH may not have been on brain slice ,
DAM007,234,No,,AMY,5,4,0.5,,,,NO,-1,YES,2,,No,NA,Melted before punch collection; probably better than sample 235 location wise but smaller amount ,
DAM007,235,Yes,,AMY,5,3,0.5,,,,NO,YES,YES,2,,No,NA,,
DAM007,237,No,,AMY,6,1,0.5,,18:48,,YES,-1,,0,,No,NA,"Too central on ""optic tract""",
DAM007,238,No,,CA1,6,3,0.5,2,18:51,,NO,-1,YES,1,,No,NA,,
DAM007,241,Yes,,CA1,7,1,0.5,2,18:57,,NO,YES,YES,1,,No,NA,,
DAM007,242,Yes,,CA3,7,1,0.5,1,18:56,,NO,YES,YES,2,,No,NA,Not collected on 6/3 because punching issue; tried to take a second punch of CA3 but was unsucessful; HIP had a shape  that suggests that punch was too ventral; too much banana shape,
DAM009,203,Yes,,PRL,2,2,0.5,3,12:58,,NO,YES,YES,1,,No,NA,"slice wet, Probably no IL cuase punched quite high",
DAM009,204,No,,PRL,2,3,0.5,3,13:00,,NO,1,YES,2,,No,NA,"Probably punched a bit of ec, ec doesn't join at back of slice",
DAM009,205,Yes,,ACBcore,2,1,0.5,1,,,NO,YES,YES,1,1,No,NA,,
DAM009,,,,ACBcore,2,2,0.5,,,,,,,,,No,NA,"punch did not adhere, thus not taken",
DAM009,206,Yes,,ACBshell,2,1,0.5,1,,,NO,YES,YES,,3,No,NA,"too lateral, Sample 208 not as good because of crack and transfer issue",
DAM009,208,No,,ACBshell,2,1,0.5,1,12:13,,YES,-1,,,,No,NA,,
DAM009,209,Yes,,LS,4,2,0.5,2,,,YES,1,YES,,2,No,NA,"3 slices after ec joins, a bit too lateral",
DAM009,210,No,,LS,4,3,0.5,2,13:20,,NO,,YES,2,,No,NA,"too caudal, first puch did not adhere, too lateral",
DAM009,211,No,,mPA,5,2,0.5,,,,,,,,,No,NA,should have been taken on that slice but cracked,
DAM009,212,No,,mPA,5,3,0.5,,,,,,0,,,No,NA,looks like nothing transfer,
DAM009,213,Yes,Yes,mPA,5,1,0.5,,,,NO,1,,3,,No,NA,not sure about location,
DAM009,216,No,,VMH,6,4,0.5,1,,,NO,1,YES,3,,No,NA,probably sampled a bit of neighbouring region,
DAM009,218,Yes,,VMH,6,3,0.5,1,,,NO,YES,YES,3,,No,NA,,
DAM009,215,No,,AMY,6,4,0.5,1,,,NO,-1,YES,3,,No,NA,,
DAM009,219,Yes,,AMY,6,3,0.5,1,,,NO,-1,YES,2,,No,NA,,
DAM009,216,No,,CA1,6,4,0.5,2,13:41,,NO,1,YES,2.5,,No,NA,Slipped,
DAM009,221,Yes,,CA1,7,1,0.5,2,13:58,,NO,YES,YES,1,2,No,NA,"One slice after what would have preferred, but better puncgh than sample 216",
DAM009,214,No,,CA3,6,4,0.5,2,,,NO,YES,YES,3,,No,NA,too central,
DAM009,220,Yes,,CA3,7,1,0.5,2,14:00,,NO,YES,YES,1.5,2,No,NA,"One slice after what would have preferred, but better puncgh than sample 214",
N0M004,189,Yes,,PRL,1,2,0.5,3,11:19,,NO,YES,YES,1,,No,NA,,
N0M004,190,No,,PRL,1,3,0.5,3,11:20,,NO,YES,YES,1.5,,No,NA,"ec doesn't join at back of slide, may be in singulate because of plan cut issue, otherwise would have been first choice",
N0M004,191,Yes,,ACBcore,3,1,0.5,1,11:29,,NO,YES,YES,1,,No,NA,"First punch did not stick, took a bit more central",
N0M004,192,Yes,,ACBshell,3,1,0.5,1,11:31,,NO,YES,YES,1,,No,NA,,
N0M004,193,Yes,,LS,4,2,0.5,2,,,NO,YES,YES,,,No,NA,perhaps a bit too central,
N0M004,194,No,,LS,4,1,0.5,2,11:41,,NO,YES,YES,,,No,NA,,
N0M004,195,Yes,Yes,mPA,5,2,0.5,1,11:45,,NO,YES,YES,,,No,NA,,
N0M004,196,No,,mPA,5,3,0.5,1,11:47,,,,,,,No,NA,took a bit more lateral,
N0M004,200,Yes,,VMH,6,2,0.5,,11:54,,NO,YES,YES,1,,No,NA,,
N0M004,199,Yes,,AMY,6,2,0.5,,11:53,,NO,YES,YES,1,,No,NA,Should have taken 1 slice before ,
N0M004,197,Yes,,CA1,6,2,0.5,2,,,NO,Unknown,YES,,,No,NA,"Should have taken 1 slice before, wet",
N0M004,200,No,,CA1,6,1,0.5,2,,,NO,Unknown,YES,,,No,NA,"wet, thus difficult assess amount",
N0M004,198,Yes,,CA3,6,2,0.5,2,,,NO,Unknown,YES,,,No,NA,"wet, thus difficult assess amount",
N0M004,199,No,,CA3,6,1,0.5,2,,,NO,Unknown,YES,,,No,NA,"wet, thus difficult assess amount",
T1F003,243,No,,PRL,1,3,0.5,3,,,YES,YES,YES,,,No,NA,ec joins at back of slide,
T1F003,247,Yes,,PRL,1,2,0.5,3,,,NO,YES,YES,2,2,No,NA,"Better location than 243, a bit too low and too ventral",
T1F003,248,No,,ACBcore,2,1,0.5,1,20:37,,NO,Unknown,0,1,,No,NA,"struggle to punch, difficult assess amount",
T1F003,250,Yes,,ACBcore,2,2,0.5,1,20:39,,NO,Unknown,,1,,No,NA,"struggle to punch, difficult assess amount",
T1F003,249,No,,ACBshell,2,1,0.5,1,20:36,,NO,Unknown,0,2,,No,NA,"struggle to punch, difficult assess amount",
T1F003,251,Yes,,ACBshell,2,2,0.5,1,20:40,,NO,-1,,2,,No,NA,"struggle to punch, difficult assess amount",
T1F003,252,Yes,,LS,3,1,0.5,2,20:50,,NO,YES,YES,1,,No,NA,,
T1F003,253,No,,LS,3,2,0.5,2,20:57,,NO,YES,YES,2,,No,NA,A bit too lateral ,
T1F003,254,Yes,Yes,mPA,4,1,0.5,1,,,YES,YES,YES,1,,No,NA,location = 1 assuming bit of the crack was not transferred,
T1F003,255,No,,mPA,4,2,0.5,1,21:03,,YES,YES,YES,1,,No,NA,,
T1F003,257,Yes,,VMH,5,3,0.5,1,21:08,,,Unknown,YES,1,2,No,NA,"too caudal but punch spot is much better, punch difficult to take",
T1F003,258,No,,VMH,5,2,0.5,1,21::12,,YES,YES,YES,2,,No,NA,better slid but punched at worse place,
T1F003,256,Yes,,AMY,5,3,0.5,1,21:07,,,-1,YES,1,,No,NA,,
T1F003,259,No,,AMY,5,2,0.5,1,21:13,,NO,Unknown,YES,3,,No,NA,"not lateral enough, better slice but punch at worse place, micropunch wet but think did not affect the material",
T1F003,261,No,,CA1,5,3,0.5,2,21:14,,NO,-1,YES,,,No,NA,,
T1F003,263,No,,CA1,6,2,0.5,2,21:17,,NO,YES,YES,,,No,NA,,
T1F003,260,No,,CA3,5,3,0.5,1,21:12,,NO,-1,YES,,,No,NA,,
T1F003,262,No,,CA3,6,2,0.5,2,21:10,,NO,YES,YES,,,No,NA,,
T1F003,264,Yes,,CA1,6,1,0.5,1,21:35,,NO,YES,YES,1,,No,NA,,
T1F003,265,Yes,,CA3,6,1,0.5,1,21:34,,NO ,YES,YES,1,,No ,NA,,
G3M015,266,No,,PRL,1,2,0.5,3,10:44,,NO,-1,YES,1,,No,NA,Probably too rostral,
G3M015,267,No,,PRL,1,3,0.5,3,10:48,,YES,1,YES,1,,No,NA,Probably sample neighbouring region because of crack,
G3M015,268,Yes,,PRL,1,4,0.5,3,,,NO,YES,YES,1,,No,NA,"Slighly too caudal, maybe a bit too high; took a bit of CG",
G3M015,273,No,,ACBcore,3,1,0.5,1,,,NO,YES,YES,2,,No,NA,Bit too central; the slice has frosted; more central than originally planned ,
G3M015,271,Yes,,ACBcore,3,2,0.5,1,,,NO,-1,YES,1,2,No,NA,1 slice after ec joints; not on same slice than ACBshell; if one wants to favour slice conisistency-could use sample 273,
G3M015,270,Yes,,ACBshell,3,1,0.5,1,,,NO,YES,YES,2,1,No,NA,Not on same slice on ACBcore 271 ,
G3M015,272,No,,ACBshell,3,2,0.5,1,,,NO,-1,YES,0,2,No,NA,Too ventral ,
G3M015,274,Yes,,LS,4,1,0.5,1,11:24,,NO,YES,YES,2,,No,NA,Maybe too lateral; humid,
G3M015,275,No,,LS,4,2,0.5,2,11:30,,NO,YES,YES,3,,No,NA,Wet; maybe too lateral because central part of brain missing ,
G3M015,276,No,,mPA,5,3,0.5,1,11:34,,YES,YES,YES,3,,No,NA,Slice was cracked where punch had to be taken ,
G3M015,277,Yes,Yes,mPA,5,4,0.5,1,11:35,,YES,YES,YES,3,,No,NA,Slice was cracked where punch had to be taken ,
G3M015,278,No,,mPA,5,2,0.5,1,11:38,,YES,YES,,,,No,NA,Best slice but hard to assess because of crack ,
G3M015,280,Yes,,VMH,6,3,0.5,1,11:46,,YES,-1,YES,0,,No,NA,Too dorsal; see hardcopy ,
G3M015,279,,,AMY,6,3,0.5,1,11:47,,,-1,YES,3,,No,NA,Too central; better slice consistency than 281 but worse punch spot ,
G3M015,281,,,AMY,6,4,0.5,1,11:52,,NO,-1,YES,2,,No,NA,See comment above ,
G3M015,283,,,CA1,7,2,0.5,2,12:01,,NO,-1,YES,1,,No,NA,Slice would have been first choice ,
G3M015,284,No,,CA1,7,1,0.5,2,12:03,,NO,-1,YES,1,,No,NA,,
G3M015,286,,,CA1,7,3,0.5,2,12:07,,NO,-1,YES,1,2,No,NA,Probably too caudal in comparisson to other samples but better punch location on slice; although melted ,
G3M015,282,,,CA3,7,2,0.5,2,11:59,,NO,-1,YES,3,,No,NA,Slice would have been first choice ,
G3M015,285,No,,CA3,7,1,0.5,2,12:04,,NO,YES,YES,2,,No,NA,,
G3M015,287,,,CA3,7,3,0.5,2,12:08,,NO,-1,YES,1,2,No,NA,Probably too caudal in comparisson to other samples but better punch location on slice; although melted ,
G3M014,288,,,PRL,1,3,0.5,3,13:10,,NO,YES,YES,1.5,,No,NA,Sample of a bit of ec ,
G3M014,293,,,PRL,2,1,0.5,,13:23,,,,,,,No,NA,Frost on slide,
G3M014,289,No,,ACBcore,2,2,0.5,1,13:15,,NO,-1,-1,0,,No,NA,Sampled on aca ,
G3M014,291,No,,ACBcore,2,3,0.5,1,13:19,,YES,YES,YES,0,,No,NA,Sampled on aca ,
G3M014,294,Yes,,ACBcore,2,1,0.5,1,13:27,,NO,NO,YES,2,,No,NA,Slice melted before ,
G3M014,290,Yes,,ACBshell,2,2,0.5,1,13:16,,NO,-1,-1,2,,No,NA,,
G3M014,292,No,,ACBshell,2,3,0.5,1,13:20,,NO,YES,YES,2,,No,NA,,
G3M014,295,No,,ACBshell,2,1,0.5,1,13:28,,NO,Unknown,0,,,No,NA,Melted before punch ,
G3M014,296,Yes,,LS,3,1,0.5,1,13:35,,NO,YES,YES,,,No,NA,,
G3M014,297,No,,LS,3,2,0.5,2,,,NO,YES,YES,,,No,NA,,
G3M014,298,Yes,Yes,mPA,4,2,0.5,1,12:38,,YES,YES,YES,2,,No,NA,Slightly too lateral,
G3M014,299,No,,mPA,4,3,0.5,1,12:39,,YES,Unknown,YES,3,,No,NA,too lateral,
G3M014,300,No,,mPA,4,1,0.5,1,12:40,,,Unknown,YES,1,,No,NA,before aca joint,
G3M014,302,Yes,,VMH,5,2,0.5,1,12:45,,NO,-1,-1,1,,No,NA,,
G3M014,301,Yes,,AMY,5,2,0.5,1,12:46,,NO,YES,YES,2,,No,NA,,
G3M014,303,No,,AMY,5,3,0.5,1,,,,,,,,No,NA,,
G3M014,306,No,,CA1,6,1,0.5,2,14:00,,NO,1,YES,1,3,No,NA,Punch hard to get plus slipped; too caudal,
G3M014,305,Yes,,CA1,5,3,0.5,2,13:59,,NO,YES,YES,1,,No,NA,,
G3M014,304,,,CA3,5,3,0.5,2,13:58,,NO,-1,YES,0,,No,NA,Too ventral;1/3 in ca3; see hardcopy;material did not stick,
G3M014,307,,,CA3,6,1,0.5,3,14:04,,NO,YES,YES,2,3,No,NA,"too caudal, slipped when punched",
G3M020,308,No,,PRL,1,3,0.5,3,17:07,,NO,-1,,1,,No,NA,"material did not stick, punch not clear cut, looks messy, had to transfer 2x",
G3M020,309,Yes,,PRL,2,1,0.5,3,17:08,,YES,YES,YES,,,No,NA,,
G3M020,310,No,,ACBcore,2,1,0.5,1,17:10,,NO,YES,YES,1,2,No,NA,"aca has not joined yet, thus too rostral ",
G3M020,312,No,,ACBcore,2,1,0.5,1,17:13,,NO,YES,YES,2,2,No,NA,"a bit more ventral than S310; aca has not joined yet, thus too rostral",
G3M020,313,Yes,,ACBcore,3,1,0.5,1,17:23,,NO,-1,YES,3,1,No,NA,,
G3M020,311,No,,ACBshell,2,1,0.5,1,,,YES,1,,1,2,No,NA,"a bit of ACBcore must have been taken; should have been taken more ventral. aca has not joined yet, thus too rostral",
G3M020,314,Yes,,ACBshell,3,1,0.5,1,17:25,,NO,-1,YES,3,1,No,NA,,
G3M020,315,No,,LS,5,1,0.5,2,17:30,,NO,YES,YES,2,1,No,NA,Certainly ACB,
G3M020,316,Yes,,LS,5,2,0.5,2,16:32,,NO,-1,YES,2,2,No,NA,too ventral; one slide more; slide more caudal,
G3M020,317,Yes,Yes,mPA,6,2,0.5,1,17:40,,YES,YES,YES,2,,No,NA,Not central enough. ,
G3M020,318,No,,mPA,6,3,0.5,1,17:40,,YES,YES,YES,2,,No,NA,Not central enough. ,
G3M020,320,Yes,,VMH,7,2,0.5,1,17:47,,YES,-1,YES,2,,No,NA,,
G3M020,324,No,,VMH,8,1,0.5,1,18:02,,YES,1,YES,1.5,,No,NA,,
G3M020,328,No,,VMH,7,1,0.5,1,18:12,,YES,1,YES,,,No,NA,,
G3M020,319,Yes,,AMY,7,2,0.5,1,17:46,,NO,-1,YES,1,,No,NA,Slipped when punched,
G3M020,323,No,,AMY,8,1,0.5,1,18:00,,NO,0,0,,,No,NA,,
G3M020,327,No,,AMY,7,1,0.5,1,18:11,,NO,-1,YES,,,No,NA,,
G3M020,322,Yes,,CA1,7,2,0.5,2,17:50,,,,,1,1,No,NA,,
G3M020,326,No,,CA1,8,1,0.5,2,18:06,,NO,-1,YES,2,2,No,NA,punch collected one slice to caudal ,
G3M020,321,Yes,,CA3,7,2,0.5,2,17:51,,,,,1,1,No,NA,Too dorsal,
G3M020,325,No,,CA3,8,1,0.5,2,18:05,,NO,-1,YES,1,2,No,NA,One slice to caudal; Punch did not stick,
G3M022,329,,,PRL,2,1,0.5,3,21:47,,YES,-1,YES,,,No,NA,,
G3M022,330,Yes,,ACBcore,2,1,0.5,1,22:00,,NO,YES,YES,1,,No,NA,,
G3M022,335,,,ACBcore,3,1,0.5,1,23:01,,NO,-1,YES,1,,No,NA,,
G3M022,331,No,,ACBshell,2,1,0.5,1,22:03,,NO,-1,0,2,,No,NA,Could have been more central,
G3M022,332,Yes,,ACBshell,3,1,0.5,1,,,NO,YES,YES,1,,No,NA,,
G3M022,336,Yes,,LS,4,1,0.5,2,23:09,,NO,-1,YES,1,,No,NA,,
G3M022,337,No,,LS,4,2,0.5,2,23:10,,NO,-1,YES,1,2,No,NA,One slice is more rostral than planned,
G3M022,338,No,,mPA,5,3,0.5,1,,,NO,-1,0,,,No,NA,,
G3M022,339,Yes,Yes,mPA,5,2,0.5,1,,,NO,YES,YES,2,,No,NA,A bit too lateral ,
G3M022,340,No,,mPA,5,1,0.5,1,,,NO,-1,YES,1,,No,NA,,
G3M022,342,,,VMH,6,2,0.5,1,23:30,,NO,YES,YES,1,,No,NA,,
G3M022,345,,,VMH,6,3,0.5,1,,,YES,-1,YES,2,,No,NA,Location difficult to assess because of crack,
G3M022,341,,,AMY,6,2,0.5,1,23:30,,NO,YES,YES,2,,No,NA,,
G3M022,344,,,AMY,6,3,0.5,1,,,NO,-1,YES,,,No,NA,,
G3M022,347,,,CA1,7,2,0.5,2,23:55,,NO,YES,YES,1,2,No,NA,One slice to rostral ,
G3M022,348,,,CA1,7,3,0.5,2,,,NO,YES,YES,1,,No,NA,,
G3M022,346,,,CA3,7,2,0.5,2,23:50,,NO,YES,YES,1,,No,NA,,
T1F008,349,No,,PRL,1,3,0.5,3,14:15,,YES,-1,YES,1,,No,NA,,
T1F008,350,No,,PRL,1,2,0.5,3,14:17,,NO,-1,YES,1,,No,NA,,
T1F008,351,Yes,,PRL,2,1,0.5,3,14:20,,NO,YES,YES,1,,No,NA,aca has not joined yet,
T1F008,352,No,,ACBcore,2,1,0.5,1,14:23,,NO,-1,,1,,No,NA,,
T1F008,354,No,,ACBcore,2,1,0.5,,14:29,,NO,-1,,2,,No,NA,,
T1F008,355,No,,ACBcore,3,1,0.5,1,14:37,,NO,-1,0,,,No,NA,Collected because saw little material in sample 352,
T1F008,357,Yes,,ACBcore,4,1,0.5,1,14:43,,NO,-1,YES,,2,No,NA,One slice after ec joint,
T1F008,353,No,,ACBshell,2,1,0.5,1,14:24,,NO,YES,YES,1,,No,NA,,
T1F008,356,Yes,,ACBshell,3,1,0.5,1,,,NO,YES,,1,,No,NA,,
T1F008,358,No,,ACBshell,4,1,0.5,1,14:45,,NO,YES,YES,1,,No,NA,Punch did not stick,
T1F008,359,Yes,,LS,5,1,0.5,2,14:49,,NO,YES,YES,1,,No,NA,,
T1F008,361,Yes,,mPA,7,2,0.5,1,14:54,,NO,YES,YES,1,2,No,NA,One slice after aca joins; had to collect really close after aca joint because ventral part of brain missing ,
T1F008,362,No,,mPA,7,1,0.5,1,14:58,,NO,-1,YES,,1,No,NA,Punch did not stick; slice had melted but realised that aca had merged here when checking on dissection scope ,
T1F008,369,Yes,,VMH,9,1,0.5,1,,,NO,YES,YES,3,,No,NA,"; assuming the entire hemisphere was there, I would have assigned location=2",
T1F008,365,,,AMY,8,2,0.5,1,15:08,,NO,YES,YES,,,No,NA,,
T1F008,368,,,AMY,9,1,0.5,1,15:16,,NO,1,YES,3,,No,NA,Slipped thus probably took sample from neighbouring region; too lateral ,
T1F008,364,,,CA1,8,2,0.5,2,15:03,,NO,YES,YES,3,,No,NA,,
T1F008,367,,,CA1,9,1,0.5,2,15:10,,NO,YES,YES,1,,No,NA,,
T1F008,363,,,CA3,8,2,0.5,2,15:02,,NO,YES,YES,3,,No,NA,,
T1F008,366,,,CA3,9,1,0.5,2,15:09,,NO,YES,YES,1,,No,NA,,
GRF004,370,Yes,,PRL,1,3,0.5,3,20:53,,YES,-1,YES,1,2,No,NA,Probably a bit too caudal. 1/2 would probably have been better ,Noticed a note specifying consistency 1 = Yes; 2=no
GRF004,371,No,,PRL,2,,0.5,3,20:55,,YES,YES,YES,0,2,No,NA,Too caudal; ec has already merged ,
GRF004,372,No,,ACBcore,2,1,0.5,1,,,NO,-1,0,2,1,No,NA,punched a bit too high; punched after slice has melted,
GRF004,374,No,,ACBcore,3,1,0.5,1,20:08,,,-1,-1,1,2,No,NA,,
GRF004,376,Yes,,ACBcore,3,1,0.5,1,,,NO,-1,-1,1,2,No,NA,Punched to be scratched ,
GRF004,373,No,,ACBshell,2,1,0.5,1,,,NO,-1,0,1,1,No,NA,Collected after slice melted,
GRF004,375,No,,ACBshell,3,1,0.5,1,20:18,,NO,YES,YES,2,2,No,NA,A bit too lateral ,
GRF004,377,Yes,,ACBshell,3,1,0.5,1,20:21,,NO,YES,YES,1,,No,NA,More central than 375,
GRF004,378,Yes,,LS,4,1,0.5,,20:42,,NO,YES,,2,1,No,NA,"From now on, placed slide on dry ice before punching",
GRF004,379,No,,LS,5,1,0.5,2,20:43,,NO,YES,YES,1,2,No,NA,,
GRF004,380,Yes,,mPA,6,2,0.5,1,20:45,,NO,YES,YES,1,2,No,NA,Perhaps slightly too lateral; Fibre not completely joined (see hardcopy);,
GRF004,381,No,,VMH,9,2,0.5,1,20:55,,NO,YES,YES,0,,No,NA,Fibre not completely joined (see hardcopy);,
GRF004,386,Yes,,VMH,10,1,0.5,1,21:02,,NO,-1,YES,0,,No,NA,Not low enough; fibre completely joined (see hardcopy);,
GRF004,380,No,,AMY,9,2,0.5,1,20:54,,NO,YES,YES,1,,No,NA,,
GRF004,385,Yes,,AMY,10,1,0.5,1,21:00,,NO,YES,YES,1,,No,NA,Fibre completely joined (see hardcopy);,
GRF004,384,No,,CA1,10,1,0.5,2,21:01,,NO,YES,YES,1,,No,NA,,
GRF004,387,Yes,,CA1,11,1,0.5,2,21:05,,NO,YES,YES,1,,No,NA,,
GRF004,383,No,,CA3,10,1,0.5,2,21:00,,NO,YES,YES,2,,No,NA,Sampled a bit of ca2,
GRF004,266,Yes,,CA3,11,1,0.5,2,21:04,,NO,YES,YES,2,,No,NA,,
GRF003,388,Yes,,PRL,1,1,0.5,3,23:02,,NO,YES,YES,1.5,,No,NA,A little bit of ec,
GRF003,389,No,,PRL,1,2,0.5,3,23:04,,NO,YES,YES,1,,No,NA,,
GRF003,390,No,,ACBcore,2,1,0.5,1,23:10,,NO,-1,YES,1,2,No,NA,One slice before what was originally planned,
GRF003,392,No,,ACBcore,3,1,0.5,1,,,NO,-1,YES,1,1,No,NA,Punch did not stick; decided to re-do because very little material,
GRF003,395,Yes,,ACBcore,3,1,0.5,1,,,NO,YES,YES,1,1,No,NA,A bit too ventral,
GRF003,391,No,,ACBshell,2,1,0.5,1,23:11,,NO,YES,YES,2,2,No,NA,Perhaps a tiny bit to lateral,
GRF003,393,,,ACBshell,3,1,0.5,1,,,NO,YES,YES,1.5,1,No,NA,A bit to caudal ,
GRF003,394,,,ACBshell,3,1,0.5,1,23:20,,NO,YES,YES,1,1,No,NA,More ventral than 393 ,
GRF003,396,Yes,,LS,5,1,0.5,2,,,NO,YES,YES,3,1,No,NA,"Too lateral; if any, use this sample because 397 is too caudal ",
GRF003,397,No,,LS,6,2,0.5,2,,,,,,,,No,NA,Accidentally threw away the 2nd LS slide ,
GRF003,398,No,,mPA,6,2,0.5,1,23:35,,YES,-1,YES,1,2,No,NA,,
GRF003,399,Yes,,mPA,7,1,0.5,1,23:42,,YES,-1,YES,1,1,No,NA,,
GRF003,401,Yes,,VMH,9,1,0.5,1,23:47,,NO,YES,YES,2,,No,NA,Too caudal,
GRF003,407,No,,VMH,8,2,0.5,1,23:03,,NO,-1,0,0,,No,NA,,
GRF003,400,Yes,,AMY,9,1,0.5,1,23:46,,NO,YES,YES,1,,No,NA,,
GRF003,406,No,,AMY,8,2,0.5,1,00:02:00,,NO,YES,YES,1,,No,NA,,
GRF003,403,,,CA1,9,1,0.5,2,23:49,,NO,YES,YES,1,1,No,NA,,
GRF003,405,,,CA1,8,2,0.5,2,23:57,,NO,YES,YES,1,2,No,NA,A bit too rostral compared to usual ,
GRF003,409,,,CA1,10,1,0.5,2,,,NO,YES,YES,1,2,No,NA,One slide too caudal ,
GRF003,402,,,CA3,9,1,0.5,2,23:50,,NO,YES,YES,3,1,No,NA,See drawing on hardcopy,
GRF003,404,,,CA3,8,2,0.5,2,23:50,,NO,YES,YES,1,2,No,NA,A bit too rostral compared to usual ,
GRF003,408,,,CA3,10,1,0.5,2,,,NO,YES,YES,2,2,No,NA,One slide too caudal,
G10F023,410,,,PRL,1,2,0.5,3,16:15,,YES,YES,YES,1,-1,No,NA,,"From now on, consistency indicates how many slices away the ideal slice the punch was collected "
G10F023,411,"From now on, blue= sample I would select",,PRL,2,1,0.5,3,16:17,,NO,YES,YES,1,0,No,NA,,
G10F023,412,,,ACBcore,3,1,0.5,,16:27,,NO,YES,YES,1,0,No,NA,Perhaps a bit too dorsal ,
G10F023,415,,,ACBcore,4,1,0.5,,16:35,,NO,YES,YES,2.5,1,No,NA,Half of punch on aca,
G10F023,413,,,ACBshell,3,1,0.5,,16:28,,NO,-1,YES,1,0,No,NA,,
G10F023,414,,,ACBshell,4,1,0.5,,16:34,,,YES,YES,Unknown,1,No,NA,Location could not be assessed because of crack,
G10F023,416,,,LS,,,0.5,2,16:42,,NO,-1,YES,1,0,No,NA,,
G10F023,417,,,mPA,7,4,0.5,1,,,YES,YES,YES,3,0,No,NA,Too close to aca merge; too caudal; location=3 because slice moved when defrosted,
G10F023,418,,,mPA,8,1,0.5,1,,,NO,-1,YES,1,1,No,NA,,
G10F023,424,,,VMH,9,2,0.5,,,,YES,YES,YES,1.5,,Yes,NA,Just to try collected 3 slices after aca merge ,
G10F023,426,,,VMH,10,1,0.5,,17:19,,NO,0,,2,,Yes,NA,,
G10F023,429,,,VMH,11,1,0.5,,,,,YES,YES,3,,Yes,NA,Melted before punch; too lateral ,
G10F023,423,,,AMY,9,2,0.5,,,,YES,YES,YES,1,,Yes,NA,No clue whether right slice; just to try 3 slices after aca merges ,
G10F023,425,,,AMY,10,1,0.5,,17:21,,NO,YES,YES,,,Yes,NA,,
G10F023,427,,,AMY,11,2,0.5,,17:30,,NO,YES,YES,1,,Yes,NA,,
G10F023,428,,,AMY,11,1,0.5,,,,NO,YES,YES,1,,Yes,NA,Melted before punched,
G10F023,420,Yes,,CA1,9,1,0.5,2,16:59,,NO,YES,YES,1,1,No,NA,Slice of reference is 4 after first slice where hippocampus becomes visible,
G10F023,422,No,,CA1,9,2,0.5,2,17:03,,NO,YES,YES,1,2,No,NA,,
G10F023,419,Yes,,CA3,9,1,0.5,2,16:58,,NO,YES,YES,1,1,No,NA,,
G10F023,421,No,,CA3,9,1,0.5,2,17:01,,NO,YES,YES,1,2,No,NA,,
G10F024,430,Yes,,PRL,1,3,0.5,3,11:17,Scratch ,,,-1,1,-1,No,NA,Slice cracked at PRL ,From now on column= punch replace column crack & amount
G10F024,431,No,,PRL,1,2,0.5,3,11:19,Crack,,,-1,1,0,No,NA,,
G10F024,432,No,,ACBcore,2,1,0.5,1,11:26,Did not stick ,,,-1,1,-1,No,NA,,
G10F024,434,Yes,,ACBcore,3,1,0.5,1,11:31,YES,,,YES,1,0,Yes,NA,,
G10F024,433,No,,ACBshell,2,1,0.5,1,11:25,YES,,,-1,1,-1,No,NA,,
G10F024,435,No,,ACBshell,3,1,0.5,1,11:30,Did not stick ,,,-1,1,0,Yes,NA,,
G10F024,436,Yes,,ACBshell,3,1,0.5,1,,YES,,,YES,2,1,Yes,NA,Punch more ventral than sample 435; and centrally very close to ACBcore; closer than usual but took it because previous one had a low amount,
G10F024,437,Yes,,LS,4,1,0.5,2,,YES,,,YES,2,-1,No,NA,A bit too lateral but had cracked so could not do differently ,
G10F024,438,Yes,,mPA,6,1,0.5,1,,YES,,,-1,1,0,No,NA,,
G10F024,440,,,VMH,8,1,0.5,1,,Very little ,,,YES,0,,Yes,NA,I think too rostral; probably a bit too central ,
G10F024,444,,,VMH,9,1,0.5,1,,,,,,,,Yes,NA,"Cannot be taken, slice broken whilst slicing ",
G10F024,446,,,VMH,9,2,0.5,1,,YES,,,-1,,,Yes,NA,,
G10F024,439,,,AMY,8,1,0.5,1,12:02,2x,,,YES,0,,Yes,NA,I think too rostral,
G10F024,443,,,AMY,9,1,0.5,1,,Did not stick ,,,0,1,,Yes,NA,,
G10F024,442,No,,CA1,8,1,0.5,2,,YES,,,-1,1,-1,Yes,NA,,
G10F024,445,Yes,,CA1,9,1,0.5,2,,Slipped ,,,-1,1,0,Yes,NA,,
G10F024,441,,,CA3,8,1,0.5,2,,YES,,,YES,1,-1,Yes,NA,,
G10F024,444,,,CA3,9,1,0.5,2,,YES,,,YES,3,0,Yes,NA,A bit too dorsal ,
G10F026,447,No,,PRL,2,1,0.5,3,13:43,,,,YES,1,0,No,NA,ec almost joined at back,
G10F026,448,Yes,,PRL,1,3,0.5,3,13:46,2x,,,YES,1,-1,No,NA,Think would rather select this one rather than 447,
G10F026,449,Yes,,ACBcore,3,1,0.5,1,13:50,YES,,,YES,1,0,Yes,NA,,
G10F026,451,No,,ACBcore,3,1,0.5,,13:55,YES,,,YES,1.5,0,Yes,NA,,
G10F026,450,Yes,,ACBshell,3,1,0.5,1,13:51,YES,,,YES,2,0,Yes,NA,,
G10F026,452,,,LS,5,1,0.5,2,,YES,,,YES,2,0,Yes,NA,A bit too lateral ,
G10F026,453,,,LS,5,2,0.5,2,14:10,YES,,,YES,2.5,1,Yes,NA,A bit too lateral ,
G10F026,454,No,,mPA,6,2,0.5,1,14:13,Crack,,,0,1,1,No,NA,,
G10F026,455,Yes,,mPA,6,1,0.5,1,14:15,Did not stick ,,,-1,2.5,0,No,NA,too close from aca; too dorsal ,
G10F026,457,,,VMH,7,3,0.5,1,14:30,Crack,,,-1,1,-1,No,NA,,
G10F026,459,,,VMH,8,1,0.5,1,,YES,,,YES,,0,No,NA,Shape of brain makes me think too caudal,
G10F026,456,No,,AMY,7,3,0.5,1,14:28,Crack,,,YES,2,-1,No,NA,Difficult to assess because of crack ,
G10F026,458,No,,AMY,8,1,0.5,1,,YES,,,YES,0,0,No,NA,Shape of brain makes me think too caudal,
G10F026,460,Yes,,AMY,8,1,0.5,1,,YES,,,YES,3,0,No,NA,Slice melted under discection scope before collection ,
G10F026,461,No,,AMY,8,1,0.5,1,,Did not stick ,,,0,1,0,No,NA,Slice melted under discection scope before collection ,
G10F026,463,No,,CA1,9,1,0.5,2,13:56,Did not stick ,,,0,2,-1,Yes,NA,Should have sampled slightly higher ,
G10F026,465,Yes,,CA1,10,1,0.5,2,,Did not stick ,,,-1,1,0,Yes,NA,Shape of hippocampus looks more like consistency=+1,
G10F026,462,,,CA3,9,1,0.5,2,13:55,Did not stick ,,,-1,1,-1,Yes,NA,,
G10F026,464,,,CA3,10,1,0.5,2,,YES,,,YES,0,0,Yes,NA,Shape of hippocampus looks more like consistency=+1,
WEF001,466,,,PRL,2,1,0.5,3,17:08,Crack,,,YES,1,0,No,NA,,
WEF001,467,,,PRL,1,3,0.5,3,17:10,YES,,,YES,1,-1,No,NA,,
WEF001,468,,,ACBcore,3,1,0.5,1,17:15,YES,,,YES,2,0,Yes,NA,Perhaps a bit too dorsal,
WEF001,470,,,ACBcore,3,1,0.5,1,,Little,,,-1,1,0,Yes,NA,A bit more ventral than 468,
WEF001,472,,,ACBcore,4,1,0.5,1,17:25,YES,,,YES,2,1,Yes,NA,A bit too central from aca ,
WEF001,469,,,ACBshell,3,1,0.5,1,17:13,YES,,,YES,2,0,Yes,NA,Not ventral enough ,
WEF001,471,,,ACBshell,4,1,0.5,1,17:23,YES,,,YES,1,1,Yes,NA,,
WEF001,473,,,LS,5,1,0.5,1,,Crack,,,YES,1,0,No,NA,May have sampled neighbouring region ,
WEF001,474,,,LS,5,2,0.5,2,17:34,Crack,,,YES,1,1,Yes,NA,,
WEF001,475,No,,mPA,6,3,0.5,1,,Crack,,,-1,,0,No,NA,Location difficult to assess but looks good ,
WEF001,476,No,,mPA,6,2,0.5,1,,Crack,,,-1,,-1,No,NA,Location difficult to assess ,
WEF001,477,Yes,,mPA,7,1,0.5,1,,Crack,,,YES,,1,No,NA,,
WEF001,482,Yes,,VMH,7,3,0.5,1,,Did not stick ,,,-1,,0,Yes,NA,Melted before punch,
WEF001,478,,,AMY,8,1,0.5,1,,Crack,,,-1,2,1,Yes,NA,Sample a bit too high ,
WEF001,481,,,AMY,7,3,0.5,1,,,,,,,0,Yes,NA,Melted before sampled; sampled too central ,
WEF001,481b,Yes,,AMY,,,0.5,,,Overlap with 481,,,,,,Yes,NA,Tried to collect more latterally than 481 but overlapped ,
WEF001,480,,,CA1,8,1,0.5,2,,YES,,,YES,1,1,Yes,NA,,
WEF001,484,,,CA1,7,3,0.5,2,18:07,YES,,,YES,1,0,Yes,NA,Melted before sampled; look more rostral than usual ,
WEF001,486,,,CA1,9,1,0.5,,,YES,,,-1,1,2,Yes,NA,Hip starts sinking; more caudal than usual ,
WEF001,479,,,CA3,8,1,0.5,2,,YES,,,YES,2,1,Yes,NA,Perhaps a bit too high ,
WEF001,483,,,CA3,7,3,0.5,2,18:05,YES,,,YES,1,0,Yes,NA,Melted before sample ; looks more rostral than usual ,
WEF001,485,,,CA3,9,1,0.5,,,YES,,,YES,1,2,Yes,NA,Hip starts sinking; more caudal than usual ,
WEF002,487,Yes,,PRL,1,3,0.5,3,15:37,NA,NO,YES,YES,1,-1,no,,Ec joins back of next slice ,Back to Crack/Amount from Punch
WEF002,488,No,,PRL,2,1,0.5,3,,NA,YES,YES,YES,,0,No,,Could not take most ventral part ,
WEF002,489,No,,ACBcore,2,1,0.5,1,,NA,NO,YES,YES,1,-1,No,,,
WEF002,491,Yes,,ACBcore,3,1,0.5,1,15:55,NA,NO,-1,YES,1,0,No,,Punch did not stick ,
WEF002,490,No,,ACBshell,2,1,0.5,1,,NA,NO,-1,YES,1,-1,No,,,
WEF002,492,Yes,,ACBshell,3,1,0.5,1,15:57,NA,NO,-1,YES,1,0,No,,,
WEF002,493,Yes,,LS,5,1,0.5,2,16:09,NA,YES,YES,YES,2,0,No,,Bit to lateral; location hard to tell because of crack ,
WEF002,494,No,,LS,5,2,0.5,2,,NA,YES,-1,YES,2,,No,,Bit to lateral; location hard to tell because of crack ,
WEF002,495,No,,mPA,6,3,0.5,1,,NA,YES,-1,,,1,Yes,,Too close to aca merge ,
WEF002,496,No,,mPA,6,4,0.5,1,,NA,YES,-1,,,2,No,,Too close to aca merge ,
WEF002,497,Yes,,mPA,6,2,0.5,1,16:22,NA,NO,YES,YES,1,0,Yes,,,
WEF002,499,No,,VMH,8,1,0.5,1,16:33,NA,YES,unknown,-1,,1,Yes,,,
WEF002,503,No,,VMH,7,2,0.5,1,16:50,NA,YES,-1,YES,1,0,Yes,,,
WEF002,498,No,,AMY,8,1,0.5,1,16:32,NA,YES,unknown,-1,2.5,1,Yes,,Perhaps to central,
WEF002,502,Yes,,AMY,7,2,0.5,1,16:47,NA,YES,YES,YES,2.5,0,Yes,,Perhaps to central ,
WEF002,501,No,,CA1,8,1,0.5,2,,NA,YES,-1,YES,1,0,Yes,,,
WEF002,505,Yes,,CA1,9,1,0.5,2,17:00,NA,NO,YES,YES,1,1,Yes,,,
WEF002,500,No,,CA3,8,1,0.5,2,,NA,NO,YES,YES,3,0,Yes,,Probably sampled a bit of CA2; see drawing on hardcopy ,
WEF002,504,Yes,,CA3,9,1,0.5,2,16:58,NA,NO,YES,YES,3,1,Yes,,Mispunched; same issue as sample 500; probably collected a bit of CA2,
DAM001,506,Yes,,PRL,1,2,0.5,3,18:52,NA,NO,YES,YES,1,-1,Yes,,"May not have taken IL, I guess I could have taken 2/1, see drawing hard copy",
DAM001,508,No,,ACBcore,2,1,0.5,1,19:01,NA,NO,YES,YES,2,-1,Yes,,Could have been closer to aca,
DAM001,510,Yes,,ACBcore,3,1,0.5,1,19:13,NA,NO,YES,YES,1,0,No,,,
DAM001,507,No,,ACBshell,2,1,0.5,1,18:56,NA,NO,YES,-1,1,-1,Yes,,,
DAM001,509,Yes,,ACBshell,3,1,0.5,1,19:06,NA,NO,-1,YES,1,0,No,,,
DAM001,511,,,LS,5,2,0.5,1,19:10,NA,NO,-1,YES,1,0,,,,
DAM001,512,,,mPA,6,2,0.5,1,,NA,YES,YES,YES,1,1,Yes,,,
DAM001,513,,,mPA,6,1,0.5,1,19:23,NA,NO,YES,YES,2,0,Yes,,Perhaps a bit too lateral,
DAM001,516,,,VMH,8,1,0.5,1,19:41,NA,NO,YES,YES,0,0,Yes,,"location difficult to assess, VMH may have been missing from slide, look at picture",
DAM001,521,,,VMH,9,1,0.5,1,,NA,NO,1,YES,0,1,Yes,,"punch slipped, location difficult to assess, VMH may have been missing from slide",
DAM001,523,,,VMH,7,3,0.5,1,,NA,NO,YES,YES,,-1,Yes,,,
DAM001,517,,,AMY,8,1,0.5,1,,NA,NO,YES,YES,3,0,Yes,,"perhaps too central, look at picture, huge crack and region may have been missing",
DAM001,520,,,AMY,9,1,0.5,1,,NA,YES,1,YES,1,1,Yes,,,
DAM001,522,,,AMY,7,3,0.5,1,,NA,YES,-1,YES,,-1,Yes,,,
DAM001,515,,,CA1,8,1,0.5,2,19:35,NA,YES,YES,YES,1,0,No,,4th slice after Hip,
DAM001,519,,,CA1,9,1,0.5,2,19:54,NA,NO,YES,YES,,1,No,,,
DAM001,514,,,CA3,8,1,0.5,2,19:33,NA,YES,YES,YES,3,0,No,,May have taken a bit of CA2,
DAM001,518,,,CA3,9,1,0.5,2,19:52,NA,NO,YES,YES,,1,No,,,
N0F007,524,Yes,,PRL,1,3,0.5,3,,No,NA,-1,Unknown,1,0,No,,,Punch is back instead of crack and amount
N0F007,527,No,,PRL,2,1,0.5,3,,,NA,NA,,0,,No,,too rostral,
N0F007,525,Yes,,ACBcore,2,1,0.5,1,21:13,Yes,NA,NA,YES,1,0,Yes,,,
N0F007,528,No,,ACBcore,3,1,0.5,1,21:23,No,NA,NA,YES,0,1,Yes,,"took because of lag, too rostral",
N0F007,526,Yes,,ACBshell,2,1,0.5,1,21:15,No,NA,NA,YES,1,0,Yes,,,
N0F007,529,,,ACBshell,3,1,0.5,1,21:21,No,NA,NA,YES,1,1,Yes,,"took because of lag, too rostral",
N0F007,530,,,LS,4,1,0.5,2,,No,NA,NA,-1,2,0,Yes,,"wet, too lateral?, pic",
N0F007,531,,,LS,5,1,0.5,2,21:34,1,NA,NA,-1,Unknown,1,Yes,,"Location difficult to assess, pic",
N0F007,532,,,mPA,6,4,0.5,1,,Yes,NA,NA,YES,2.5,1,Yes,,"too lateral?, pic",
N0F007,533,,,mPA,6,3,0.5,1,,Yes,NA,NA,YES,2.5,0,Yes,,"too lateral?, pic",
N0F007,537,No,,VMH,7,2,0.5,1,,,NA,NA,,,-1,Yes,,VMH may be missing from slice,
N0F007,541,Yes,,VMH,8,1,0.5,1,22:04,,NA,NA,,3,0,Yes,,probably too lateral,
N0F007,536,No,,AMY,7,2,0.5,1,21:51,Yes,NA,NA,YES,,-1,Yes,,,
N0F007,540,Yes,,AMY,8,1,0.5,1,22:02,Yes,NA,NA,YES,3,0,Yes,,probably a bit too dorsal,
N0F007,535,No,,CA1,7,2,0.5,2,21:49,Yes,NA,NA,YES,,-1,No,,,
N0F007,539,Yes,,CA1,8,1,0.5,2,22:00,Yes,NA,NA,YES,1,0,No,,,
N0F007,534,Yes,,CA3,7,2,0.5,2,21:48,Yes,NA,NA,YES,,-1,No,,,
N0F007,538,Yes,,CA3,8,1,0.5,2,21:58,Yes,NA,NA,YES,1,0,No,,Should have been a bit more ventral,
DAM002,542,,,PRL,3,1,0.5,3,23:20,NA,NO,Unknown,YES,0,,,,"had to scratch to get tissue, ec has joined already, probably should not be used",back to crack and amount
DAM002,543,No,,ACBcore,3,1,0.5,1,23:30,NA,NO,0,,,0,Yes,,"decided to stop for the day, all samples after that done on following day",
DAM002,545,Yes,,ACBcore,3,1,0.5,1,18:37,NA,NO,YES,YES,1,0,Yes,,a bit more dorsal than sample supposed to be 583,
DAM002,546,No,,ACBcore,4,1,0.5,1,18:50,NA,NO,YES,YES,1,1,Yes,,,
DAM002,544,Yes,,ACBshell,3,1,0.5,1,18:34,NA,NO,YES,YES,1,0,Yes,,,
DAM002,547,No,,ACBshell,4,1,0.5,1,18:53,NA,NO,YES,YES,2,1,Yes,,took a bit of aca,
DAM002,548,,,LS,5,2,0.5,1,18:57,NA,YES,YES,YES,Unknown,1,Yes,,"slice cracked, may have been too lateral, location hard to tell, slice had cracked before punch",
DAM002,549,Yes,,mPA,7,2,0.5,1,19:02,NA,NO,YES,YES,1,0,Yes,,,
DAM002,550,No,,mPA,8,1,0.5,1,19:05,NA,NO,YES,YES,1,1,Yes,,probably more consistent with usual,
DAM002,554,,,VMH,9,1,0.5,1,,NA,NO,YES,YES,0,0,Yes,,"too lateral, check picture to check if I want analyse",
DAM002,,,,VMH,10,1,0.5,,,NA,,,,,,No,,do not know why no information or sample ID entered,
DAM002,553,,,AMY,9,1,0.5,1,19:17,NA,NO,YES,YES,1,0,Yes,,a bit too central,
DAM002,557,,,AMY,10,1,0.5,1,,NA,NO,YES,YES,1,1,No,,although consistency = 1 shape looks better,
DAM002,552,,,CA1,9,1,0.5,2,,NA,NO,YES,YES,1,0,No,,,
DAM002,555,,,CA1,10,1,0.5,2,19:23,NA,NO,YES,YES,1,1,No,,although consistency = 1 shape looks better,
DAM002,551,,,CA3,9,1,0.5,2,19:13,NA,NO,YES,YES,1,0,No,,,
DAM002,556,,,CA3,10,1,0.5,2,19:24,NA,NO,YES,YES,1,1,No,,,
LAF007,558,Yes,,PRL,1,2,0.5,2,19:49,,NA,NA,YES,,,No,,Could not take most ventral punch because of crack,
LAF007,559,,,ACBcore,2,1,0.5,1,,Yes,NA,NA,YES,1,0,Yes,,,
LAF007,561,,,ACBcore,3,1,0.5,1,,Yes,NA,NA,YES,1,1,Yes,,,
LAF007,560,,,ACBshell,2,1,0.5,1,,Yes,NA,NA,YES,2.5,0,Yes,,too lateral,
LAF007,562,,,ACBshell,3,1,0.5,1,,Yes,NA,NA,YES,1.5,1,Yes,,a bit less lateral than sample 560,
LAF007,563,Yes,,LS,4,1,0.5,2,20:10,Yes,NA,NA,YES,2,0,No,,Perhaps a bit too lateral,
LAF007,564,No,,LS,4,2,0.5,2,20:11,Yes,NA,NA,YES,2,1,No,,Perhaps a bit too lateral,
LAF007,565,,,mPA,5,3,0.5,1,,Yes,NA,NA,YES,1,1,Yes,,"Labelled LA7F00714 on picture, previous slice just joins, I took punch although no punch, took pic of 5/2 and 5/3",
LAF007,566,,,mPA,6,1,0.5,1,20:22,No,NA,NA,YES,,2,Yes,,"Crack, ",
LAF007,571,,,VMH,6,3,0.5,1,20:36,No,NA,NA,1,,0,Yes,,"Crack, may have taken neighbouring region",
LAF007,567,,,AMY,7,1,0.5,1,20:31,Yes,NA,NA,YES,1,1,Yes,,,
LAF007,568,,,AMY,6,3,0.5,1,20:35,Yes,NA,NA,YES,,0,Yes,,,
LAF007,570,,,CA1,7,1,0.5,2,20:27,Yes,NA,NA,YES,2,0,,,A tiny bit too rostral,
LAF007,573,,,CA1,8,1,0.5,2,,Yes,NA,NA,YES,1,1,,,,
LAF007,569,,,CA3,7,1,0.5,2,20:26,Yes,NA,NA,YES,1,0,,,,
LAF007,572,,,CA3,8,1,0.5,2,,Yes,NA,NA,YES,1,1,,,,
GRF007,574,No,,PRL,1,3,0.5,3,21:17,Yes,NA,NA,YES,1,-1,,,,
GRF007,577,Yes,,PRL,2,1,0.5,3,21:24,Yes,NA,NA,YES,2,0,,,Sampled ec for lower punch,
GRF007,575,No,,ACBcore,2,1,0.5,1,21:22,Yes,NA,NA,YES,1,-1,,,,
GRF007,578,Yes,,ACBcore,3,1,0.5,1,21:48,Yes,NA,NA,YES,1,0,,,Sample a little bit of aca,
GRF007,578,No,,ACBcore,3,1,0.5,1,21:50,Yes,NA,NA,YES,1,0,,,Punch more ventral than 578,
GRF007,576,No,,ACBshell,2,1,0.5,1,21:20,Yes,NA,NA,YES,1,-1,,,,
GRF007,579,Yes,,ACBshell,3,1,0.5,1,21:45,Yes,NA,NA,YES,1,0,,,,
GRF007,581,Yes,,LS,4,2,0.5,1,21:59,No,NA,NA,YES,2,0,,,Punch perhaps a bit too lateral ,
GRF007,582,Yes,,mPA,5,1,0.5,1,22:00,Yes,NA,NA,YES,2.5,0,,,OCT had fallen on PA a little,
GRF007,583,No,,mPA,5,1,0.5,1,,Yes,NA,NA,YES,2.5,0,,,Punch a bit more dorsal than 582 ,
GRF007,589,,,VMH,7,1,0.5,1,,Yes,NA,NA,YES,1,1,Yes,,,From now on VHM and AMY consistancy = 0. Is one slice before full join of 
GRF007,591,,,VMH,6,1,0.5,1,,Yes,NA,NA,YES,2,0,,,A bit too dorsal?,
GRF007,588,,,AMY,7,1,0.5,1,,No,NA,NA,YES,1,1,Yes,,Looks good; took picture of 7/2 as well; punch wet,
GRF007,590,,,AMY,6,1,0.5,1,,Yes,NA,NA,YES,3,0,,,A bit too high ,
GRF007,585,,,CA1,6,4,0.5,2,22:11,Yes,NA,NA,YES,,0,,,,
GRF007,587,,,CA1,7,1,0.5,2,22:16,Yes,NA,NA,YES,1,1,Yes,,,
GRF007,584,,,CA3,6,4,0.5,2,22:10,Yes,NA,NA,YES,,0,,,,
GRF007,586,,,CA3,7,1,0.5,2,22:15,Yes,NA,NA,YES,1,1,Yes,,,
GRF001,592,No,,PRL,1,2,0.5,3,22:40,Yes,NA,NA,YES,3,-1,,,All punches slightly too lateral,
GRF001,593,Yes,,PRL,2,1,0.5,3,22:45,Yes,NA,NA,YES,1,0,,,,
GRF001,594,,,ACBcore,3,1,0.5,1,22:48,Yes,NA,NA,YES,1,0,,,,
GRF001,596,,,ACBcore,3,1,0.5,1,22:54,Yes,NA,NA,YES,2,,,,More central than 594,
GRF001,597,,,ACBcore,4,1,0.5,1,22:58,Yes,NA,NA,YES,1,1,,,,
GRF001,595,,,ACBshell,3,1,0.5,1,,No,NA,NA,-1,1,0,,,,
GRF001,598,,,ACBshell,4,1,0.5,1,22:59,Yes,NA,NA,-1,1,1,,,Perhaps a bit too lateral,
GRF001,599,,,LS,4,2,0.5,2,23:05,No,NA,NA,,3?,0,,,Punch cracked; most central part of brain seemed to be missing; thus tried to punch the most centrally I could but could still be off ,
GRF001,601,,,LS,5,1,0.5,2,23:14,Yes,NA,NA,YES,2,1,,,,
GRF001,600,No,,mPA,5,4,0.5,1,,Yes,NA,NA,YES,2.5,0,,,Punch too lateral ,
GRF001,601,Yes,,mPA,6,1,0.5,1,23:16,Yes,NA,NA,YES,1.5,1,,,Punch cracked; most central part of brain seemed to be missing; thus tried to punch the most centrally I could but could still be off; better location than 600,
GRF001,606,Yes,,VMH,7,2,0.5,1,,Yes,NA,NA,YES,3,0,,,Too lateral ,
GRF001,608,No,,VMH,7,1,0.5,1,,No,NA,NA,0,2,-1,,,,
GRF001,612,,,VMH,8,1,0.5,1,,Yes,NA,NA,YES,,1,,,,
GRF001,605,,,AMY,7,2,0.5,1,,Yes,NA,NA,YES,1,0,,,,
GRF001,607,,,AMY,7,1,0.5,1,,No,NA,NA,YES,1,-1,,,Punch wet,
GRF001,611,,,AMY,8,1,0.5,1,,Yes,NA,NA,YES,3,1,,,Melted before punched; more lateral than usual but perhaps correct,
GRF001,604,,,CA1,7,2,0.5,2,23:20,Yes,NA,NA,YES,1,0,,,,
GRF001,610,,,CA1,8,1,0.5,2,23:40,Yes,NA,NA,YES,,1,,,,
GRF001,603,,,CA3,7,2,0.5,2,23:18,Yes,NA,NA,YES,1,0,,,,
GRF001,609,,,CA3,8,1,0.5,2,23:38,No,NA,NA,YES,3,1,,,Punch wet; one punch off region,
N0F009,613,Yes,,PRL,1,3,0.5,3,,Yes,NA,NA,YES,1.5,-1,,,Punched a bit on ec; cannot be sure about consistency because of crack ,
N0F009,614,Yes,,PRL,2,1,0.5,3,,No,NA,NA,1,2,0,,,Punch crack; cannot be sure about consistency because of crack ,
N0F009,615,Yes,,ACBcore,3,1,0.5,1,,No,NA,NA,-1,2.5,1,,,Punch wet; punched after defrosted; too ventral ,
N0F009,616,Yes,,ACBshell,3,1,0.5,1,00:00,Yes,NA,NA,YES,1,1,,,,
N0F009,617,,,LS,4,1,0.5,2,00:14,No,NA,NA,YES,,0,,,Punch crack,
N0F009,618,,,LS,4,2,0.5,1,00:15,No,NA,NA,YES,,1,,,Second punch could not be taken,
N0F009,619,No,,mPA,5,3,0.5,1,00:25,Crack,NA,NA,YES,Unknown,-1,,,Location could not be assessed; slice had cracked ,
N0F009,620,Yes,,mPA,6,1,0.5,1,,Crack,NA,NA,YES,1,0,,,,
N0F009,624,,,VMH,7,3,0.5,1,,Crack + wet,NA,NA,,Unknown,0,,,Location difficult to assess,
N0F009,626,,,VMH,8,1,0.5,1,,Wet,NA,NA,YES,2,1,,,,
N0F009,623,,,AMY,7,3,0.5,1,,Wet,NA,NA,YES,0,0,,,,
N0F009,625,,,AMY,8,1,0.5,1,,Wet,NA,NA,YES,0,1,,,,
N0F009,622,,,CA1,7,3,0.5,2,00:31,Yes,NA,NA,YES,1,0,,,,
N0F009,628,,,CA1,8,1,0.5,2,00:56,Yes,NA,NA,YES,1,1,,,,
N0F009,621,,,CA3,7,3,0.5,2,00:29,Yes,NA,NA,YES,1,0,,,,
N0F009,627,,,CA3,8,1,0.5,2,00:55,Yes,NA,NA,YES,1,1,,,,
RAM001,629,No,,PRL,1,4,0.5,3,18:40,Scratch ,NA,NA,YES,1,-1,,,,
RAM001,632,Yes,,PRL,2,1,0.5,2,18:48,,NA,NA,YES,1,0,,,,
RAM001,630,,,ACBcore,2,1,0.5,1,18:43,,NA,NA,YES,0,-1,,,Ec not joined ,
RAM001,633,,,ACBcore,3,1,0.5,1,,,NA,NA,YES,3,0,,,Took 2/5 of aca; reason why I took at +1 ,
RAM001,631,,,ACBshell,2,1,0.5,1,18:45,,NA,NA,YES,0,-1,,,Ec not joined ,
RAM001,634,,,ACBshell,3,1,0.5,1,,,NA,NA,YES,2,0,,,Better than 635; could be more central,
RAM001,635,,,ACBshell,3,1,0.75,1,,Scratch ,NA,NA,YES,2,0,,,A bit more ventral than 634; could be more central ,
RAM001,636,,,LS,4,1,0.5,2,,Crack,NA,NA,YES,1,-1,,,,
RAM001,638,,,LS,4,2,0.5,2,,Crack,NA,NA,YES,Unknown,,,,Difficult to assess because of crack ,
RAM001,639,,,ACBcore,4,1,0.5,,,,NA,NA,,1,1,,,,
RAM001,640,,,ACBcore,4,1,0.5,,,,NA,NA,,2,1,,,More ventral than 639 ,
RAM001,641,,,ACBshell,4,1,0.5,,,,NA,NA,,Unknown,1,,,Location difficult to assess as central part was missing ,
RAM001,642,,,mPA,5,4,0.5,1,19:14,Wet,NA,NA,YES,2,0,,,A bit too lateral ,
RAM001,650,,,AMY,8,1,0.5,1,19:38,Yes,NA,NA,YES,1,0,,,,
RAM001,651,,,AMY,9,1,0.5,1,19:42,Yes,NA,NA,YES,2,1,,,,
RAM001,652,,,AMY,7,1,0.5,1,,Yes,NA,NA,YES,,-1,,,A bit too dorsal ,
RAM001,653,,,AMY,6,3,0.5,1,,Wet,NA,NA,YES,,-2,,,,
RAM001,644,,,CA1,8,1,0.5,2,19:24,Yes,NA,NA,YES,1,0,,,,
RAM001,647,,,CA1,9,1,0.5,2,19:29,Yes,NA,NA,YES,1,1,,,,
RAM001,649,,,CA1,9,2,0.5,2,19:31,Yes,NA,NA,YES,1,2,,,,
RAM001,643,,,CA3,8,1,0.5,2,19:22,Yes,NA,NA,YES,1,0,,,,
RAM001,646,,,CA3,9,1,0.5,2,19:28,Yes,NA,NA,YES,3,1,,,May have collected a bit of CA2; see drawing on hardcopy ,
RAM001,648,,,CA3,9,2,0.5,2,19:33,Yes,NA,NA,YES,2,2,,,,
RAM002,654,Yes,,PRL,1,2,0.5,3,20:48,Yes,NA,NA,YES,2,0,,,This slice was taken as the first picture; location=2 because too close from ec ,
RAM002,655,No,,PRL,1,1,0.5,3,20:50,Yes,NA,NA,YES,1,-1,,,Slice taken as second pic; flipped on dry ice before ,
RAM002,656,Yes,,ACBcore,2,1,0.5,1,,Yes,NA,NA,YES,1,0,,,,
RAM002,658,No,,ACBcore,3,1,0.5,1,,Yes,NA,NA,YES,0,1,,,Way too high ,
RAM002,657,No,,ACBshell,2,1,0.5,1,,Yes,NA,NA,YES,1,0,,,,
RAM002,659,Yes,,ACBshell,3,1,0.5,1,,Yes,NA,NA,YES,2,1,,,,
RAM002,660,Yes,,LS,4,1,0.5,2,,Wet,NA,NA,YES,1,0,,,,
RAM002,661,No,,LS,4,2,0.5,2,,Yes,NA,NA,YES,2.5,1,,,Too lateral ,
RAM002,662,Yes,,mPA,5,2,0.5,1,21:09,Yes,NA,NA,YES,1,1,,,,
RAM002,663,No,,mPA,5,1,0.5,1,21:11,Yes,NA,NA,YES,1,0,,,,
RAM002,669,,,VMH,7,1,0.5,1,21:23,Yes,NA,NA,YES,2,0,,,,
RAM002,671,,,VMH,6,2,0.5,1,21:31,Yes,NA,NA,YES,1,-1,,,,
RAM002,673,,,VMH,8,1,0.5,1,,Yes,NA,NA,,3,1,,,A bit high? ,
RAM002,668,,,AMY,7,1,0.5,1,21:22,Wet,NA,NA,YES,3,0,,,Not lateral enough,
RAM002,670,,,AMY,6,2,0.5,1,21:30,Yes,NA,NA,,3,-1,,,Not lateral enough,
RAM002,672,,,AMY,8,1,0.5,1,,Yes,NA,NA,,3,1,,,Not lateral enough,
RAM002,665,,,CA1,6,3,0.5,2,,Yes,NA,NA,,,0,,,,
RAM002,667,,,CA1,7,1,0.5,2,,Yes,NA,NA,,,,,,,
RAM002,664,,,CA3,6,3,0.5,2,,Yes,NA,NA,,,0,,,,
RAM002,666,,,CA3,7,1,0.5,2,,Yes,NA,NA,-1,,,,,,
WAF014,674,No,,PRL,1,2,0.5,3,21:55,Yes,NA,NA,YES,1,-1,,,A bit lower than usual,
WAF014,675,Yes,,PRL,2,1,0.5,3,,Yes,NA,NA,YES,1,0,,,,
WAF014,676,,,ACBcore,3,1,0.5,1,,Yes,NA,NA,YES,1,0,,,,
WAF014,678,,,ACBcore,4,1,0.5,1,,Yes,NA,NA,YES,1,1,,,,
WAF014,677,,,ACBshell,3,1,0.5,1,,Yes,NA,NA,YES,1,0,,,,
WAF014,677B,,,ACBshell,3,1,0.5,1,,Yes,NA,NA,YES,2,0,,,More central,
WAF014,679,,,ACBshell,4,1,0.5,1,,Yes,NA,NA,YES,1,1,,,,
WAF014,680,,,LS,5,1,0.5,2,22:11,Yes,NA,NA,YES,1,0,,,,
WAF014,681,,,LS,6,1,0.5,2,22:13,Yes,NA,NA,YES,1,1,,,,
WAF014,682,,,mPA,6,3,0.5,1,,Yes,NA,NA,YES,2.5,0,,,Too lateral? ,
WAF014,683,,,mPA,6,2,0.5,1,,Yes,NA,NA,YES,2.5,-1,,,,
WAF014,684,,,mPA,6,2,0.5,1,22:23,Yes,NA,NA,YES,,-1,,,More ventral than 683,
WAF014,685,,,mPA,7,1,0.5,1,,Crack,NA,NA,YES,1,1,,,,
WAF014,691,,,VMH,9,1,0.5,1,,Yes,NA,NA,YES,2,2,,,,
WAF014,693,,,VMH,8,3,0.5,1,,Wet,NA,NA,YES,3,1,,,Too dorsal; took 8/2 in picture as well ,
WAF014,690,,,AMY,9,1,0.5,1,,Yes,NA,NA,YES,3,2,,,Too central? ,
WAF014,692,,,AMY,8,3,0.5,1,,Yes,NA,NA,YES,0,1,,,took 8/2 in picture as well ; as suspected consistency = 0,
WAF014,687,Yes,,CA1,9,1,0.5,2,22:34,Wet,NA,NA,YES,1,0,,,,
WAF014,689,No,,CA1,9,2,0.5,2,22:39,Yes,NA,NA,YES,1,1,No,,,
WAF014,686,Yes,,CA3,9,1,0.5,2,22:33,Wet,NA,NA,YES,1,0,,,,
WAF014,688,No,,CA3,9,2,0.5,2,22:38,Yes,NA,NA,YES,2.5,1,No,,HIP starts sinking ,
WAF011,694,,,PRL,1,3,0.5,3,,Crack,NA,NA,YES,1,,,,,
WAF011,695,Yes,,ACBcore,2,1,0.5,1,,Yes,NA,NA,YES,1,0,,,,
WAF011,697,No,,ACBcore,2,1,0.5,1,,Yes,NA,NA,YES,2,,,,More central than 695,
WAF011,698,No,,ACBcore,3,1,0.5,1,,Yes,NA,NA,YES,2,1,,,A bit too dorsal ,
WAF011,696,Yes,,ACBshell,2,1,0.5,1,,Yes,NA,NA,YES,1,0,,,A bit more central than usual ,
WAF011,699,No,,ACBshell,3,1,0.5,1,,Yes,NA,NA,YES,1,1,,,,
WAF011,700,,,LS,4,1,0.5,2,23:50,Yes,NA,NA,YES,3?,0,,,Too lateral ,
WAF011,701,,,LS,4,2,0.5,2,23:52,Yes,NA,NA,YES,2,1,,,,
WAF011,702,,,mPA,5,3,0.5,1,23:55,Yes,NA,NA,YES,2,-1,,,Too lateral,
WAF011,703,,,mPA,6,1,0.5,1,23:58,Yes,NA,NA,YES,1,0,,,Perhaps a tiny bit too central ,
WAF011,709,,,VMH,9,1,0.5,1,,Yes,NA,NA,YES,,-1,,,Location looks like two punches thus difficult to assess ,
WAF011,711,,,VMH,8,1,0.5,1,00:15,Crack,NA,NA,,3,-2,,,May have sampled a bit on other hemisphere,
WAF011,713,,,VMH,10,1,0.5,1,,Wet,NA,NA,YES,,0,,,,
WAF011,708,,,AMY,9,1,0.5,1,,Yes,NA,NA,YES,1,-1,,,,
WAF011,710,,,AMY,8,1,0.5,1,00:12,Crack,NA,NA,,,-2,,,Too central? ,
WAF011,712,,,AMY,10,1,0.5,1,,Wet,NA,NA,YES,,0,,,Too dorsal? ,
WAF011,706,,,CA1,9,1,0.5,2,00:02,Yes,NA,NA,YES,1,0,,,,
WAF011,708,,,CA1,10,1,0.5,2,00:06,Yes,NA,NA,YES,1,1,,,,
WAF011,705,,,CA3,9,1,0.5,2,00:00,Yes,NA,NA,YES,1,0,,,,
WAF011,707,,,CA3,10,1,0.5,2,00:05,Yes,NA,NA,YES,1,1,,,,
LAM005,714,No,,PRL,1,1,0.5,3,01:00,Crack,NA,NA,YES,1,-1,Yes,,,
LAM005,715,Yes,,PRL,2,1,0.5,3,01:02,Crack,NA,NA,-1,1,0,Yes,,More central than usual ,
LAM005,716,Yes,,ACBcore,3,1,0.5,1,01:08,Wet,NA,NA,YES,1,0,Yes,,Slice + 1 not taken,
LAM005,717,Yes,,ACBshell,3,1,0.5,1,01:09,Yes,NA,NA,YES,1,0,Yes,,Slice + 1 not taken,
LAM005,718,,,LS,4,2,0.5,1,,Yes,NA,NA,YES,3,0,Yes,,Slice + 1 not taken,
LAM005,719,,,LS,4,2,0.5,2,,Yes,NA,NA,YES,,,Yes,,More ventral than 718; probably better location ,
LAM005,720,,,mPA,5,4,0.5,1,01:15,Yes,NA,NA,Unknown,2,,Yes,,,
LAM005,721,,,mPA,5,5,0.5,1,01:20,Yes,NA,NA,YES,0,,Yes,,,
LAM005,722,,,mPA,6,1,0.5,1,01:24,Wet,NA,NA,YES,3,,Yes,,Too dorsal ,
LAM005,730,,,VMH,8,1,0.5,1,,Wet; 2x,NA,NA,YES,1,1,Yes,,Took a guess first ,
LAM005,732,,,VMH,7,3,0.5,1,01:59,Wet,NA,NA,YES,0,0,Yes,,,
LAM005,734,,,VMH,7,2,0.5,1,02:00,Yes,NA,NA,YES,0,-1,Yes,,Location could not be assessed,
LAM005,729,,,AMY,8,1,0.5,1,,Yes,NA,NA,YES,1,1,Yes,,Took a guess first ,
LAM005,731,,,AMY,7,3,0.5,1,01:57,Yes,NA,NA,YES,1,0,Yes,,,
LAM005,733,,,AMY,7,2,0.5,1,01:59,Wet,NA,NA,YES,1,-1,Yes,,,
LAM005,724,,,CA1,8,1,0.5,2,,Very little ,NA,NA,-1,3,-1,Yes,,One of the two punches too high,
LAM005,726,,,CA1,8,2,0.5,2,,Yes,NA,NA,-1,1,0,Yes,,,
LAM005,728,,,CA1,9,1,0.5,2,,Crack,NA,NA,YES,,1,Yes,,,
LAM005,723,,,CA3,8,1,0.5,2,,Yes,NA,NA,YES,1,-1,Yes,,,
LAM005,725,,,CA3,8,2,0.5,2,,Yes,NA,NA,-1,1,0,Yes,,,
LAM005,727,,,CA3,9,1,0.5,2,,Yes,NA,NA,YES,,1,Yes,,,
LAM004,735,,,PRL,1,3,0.5,3,15:45,Yes,NA,NA,YES,1,-1,,,,
LAM004,736,,,PRL,1,3,0.5,3,15:50,Yes,NA,NA,YES,1,0,,,,
LAM004,737,,,ACBcore,2,1,0.5,1,,Yes,NA,NA,YES,1,0,,,,
LAM004,739,,,ACBcore,2,1,0.5,,,Yes,NA,NA,,3,,,,More ventral ,
LAM004,740,,,ACBcore,2,1,0.5,1,,Yes,NA,NA,YES,2,1,,,,
LAM004,738,,,ACBshell,2,1,0.5,1,,Yes,NA,NA,YES,1,0,,,,
LAM004,741,,,ACBshell,2,1,0.5,1,,Yes,NA,NA,-1,1,1,,,,
LAM004,742,,,LS,5,1,0.5,2,,Yes,NA,NA,YES,1,0,,,Could not punch on another slice ,
LAM004,743,,,mPA,6,1,0.5,1,20:45,Yes,NA,NA,YES,1,-1,,,,
LAM004,744,,,mPA,6,2,0.5,1,20:47,Yes,NA,NA,YES,1,0,,,Perhaps a bit lateral,
LAM004,750,,,VMH,8,1,0.5,1,,Yes,NA,NA,YES,1,1,,,,
LAM004,752,,,VMH,7,3,0.5,1,20:02,Yes,NA,NA,YES,3/0.,0,,,Too lateral ,
LAM004,754,,,VMH,9,1,0.5,1,,Yes,NA,NA,YES,1,2,,,,
LAM004,749,,,AMY,8,1,0.5,1,,Yes,NA,NA,YES,1,1,,,,
LAM004,751,,,AMY,7,3,0.5,1,20:00,Yes,NA,NA,YES,3/0.,0,,,Not lateral enough ,
LAM004,753,,,AMY,9,1,0.5,1,,Yes,NA,NA,YES,1,2,,,,
LAM004,746,,,CA1,7,3,0.5,2,19:52,Yes,NA,NA,YES,2,0,,,Second punch too ventral ,
LAM004,748,,,CA1,8,1,0.5,2,,Yes,NA,NA,YES,1,1,,,,
LAM004,745,,,CA3,7,3,0.5,2,19:51,Yes,NA,NA,YES,1,0,,,,
LAM004,747,,,CA3,8,1,0.5,2,,Yes,NA,NA,YES,3,1,,,Too high ,
LAF008,755,Yes,,PRL,1,1,0.5,3,,Yes,NA,NA,YES,1,0,,,,
LAF008,756,No,,PRL,1,3,0.5,3,,Yes,NA,NA,YES,1,1,,,ec joins at back of slide ,
LAF008,757,,,ACBcore,2,1,0.5,1,,Little,NA,NA,YES,1,0,,,,
LAF008,759,,,ACBcore,3,1,0.5,1,,Wet,NA,NA,YES,2,1,,,,
LAF008,761,,,ACBcore,3,1,0.5,1,,Yes,NA,NA,YES,1,1,,,More lateral than 759,
LAF008,758,,,ACBshell,1,1,0.5,1,,Yes,NA,NA,YES,1,0,,,,
LAF008,760,,,ACBshell,3,1,0.5,1,,Yes,NA,NA,YES,1,1,,,,
LAF008,762,,,LS,4,1,0.5,2,,Yes,NA,NA,YES,2,0,,,Too lateral? ,
LAF008,763,,,LS,4,2,0.5,2,,Yes,NA,NA,YES,3,1,,,Too lateral? ,
LAF008,764,,,mPA,5,3,0.5,1,20:37,Crack,NA,NA,-1,Unknown,0,,,"Location imppossible to assess, slice was fucked ",
LAF008,765,,,mPA,6,1,0.5,1,20:39,Yes,NA,NA,YES,2,1,,,More ventral than usual ,
LAF008,771,,,VMH,9,1,0.5,1,,Yes,NA,NA,YES,3,1,,,Too dorsal? ,
LAF008,773,,,VMH,9,2,0.5,1,21:02,Wet,NA,NA,YES,3,2,,,Too dorsal? ,
LAF008,775,,,VMH,8,1,0.5,1,21:05,Wet,NA,NA,YES,2,0,,,,
LAF008,770,,,AMY,9,1,0.5,1,,Yes,NA,NA,YES,1,1,,,,
LAF008,772,,,AMY,9,2,0.5,1,21:00,Yes,NA,NA,YES,1,2,,,,
LAF008,774,,,AMY,8,1,0.5,1,21:05,Yes,NA,NA,YES,3,0,,,,
LAF008,762,,,CA1,9,1,0.5,2,,Yes,NA,NA,YES,1,0,,,,
LAF008,769,,,CA1,9,2,0.5,2,,Yes,NA,NA,YES,,1,,,,
LAF008,766,,,CA3,9,1,0.5,2,,Did not stick ,NA,NA,-1,1,0,,,I think bad spot on slice,
LAF008,768,,,CA3,9,2,0.5,2,,Did not stick ,NA,NA,-1,,1,,,,
DVF008,776,Yes,,PRL,1,2,0.5,3,22:10,Crack,NA,NA,YES,,,,,,
DVF008,777,No,,PRL,2,1,0.5,3,,Yes,NA,NA,YES,,,,,ec joint at back of slice ,
DVF008,778,,,ACBcore,3,1,0.5,1,22:30,Wet,NA,NA,-1,3,0,,,Too dorsal,
DVF008,779,,,ACBcore,3,1,0.5,1,22:33,Wet,NA,NA,-1,2,0,,,More ventral than 778,
DVF008,781,,,ACBcore,4,1,0.5,1,,Wet,NA,NA,,3,1,,,,
DVF008,783,,,ACBcore,4,1,0.5,1,,Wet,NA,NA,,1,1,,,More ventral than 781,
DVF008,780,,,ACBshell,3,1,0.5,1,22:35,Yes,NA,NA,YES,1,0,,,,
DVF008,782,,,ACBshell,4,1,0.5,1,,Yes,NA,NA,YES,1,1,,,,
DVF008,784,,,LS,4,2,0.5,2,,Wet,NA,NA,YES,1,0,,,,
DVF008,786,,,LS,5,1,0.5,2,,Wet,NA,NA,YES,2.5,1,,,Too lateral?,
DVF008,785,,,mPA,5,3,0.5,1,,Yes,NA,NA,YES,3,-1,,,too dorsal,
DVF008,787,,,mPA,6,1,0.5,1,,,NA,NA,0,0,0,,,,
DVF008,788,,,mPA,6,2,0.5,1,,,NA,NA,0,0,1,,,Too caudal ,
DVF008,794,,,VMH,8,1,0.5,1,,Wet,NA,NA,YES,2,1,,,,
DVF008,796,,,VMH,8,2,0.5,1,,Yes,NA,NA,YES,2,2,,,,
DVF008,798,,,VMH,7,1,0.5,1,,Yes,NA,NA,YES,2.5,0,,,,
DVF008,793,,,AMY,8,1,0.5,1,,Wet,NA,NA,YES,1,1,,,Looks good ,
DVF008,795,,,AMY,8,2,0.5,1,,Yes,NA,NA,YES,2.5,2,,,Not lateral enough,
DVF008,797,,,AMY,7,1,0.5,1,,Yes,NA,NA,YES,2.5,0,,,Not lateral enough ,
DVF008,790,,,CA1,7,1,0.5,2,,Wet,NA,NA,-1,2.5,,,,Too dorsal ,
DVF008,792,,,CA1,8,1,0.5,2,,Yes,NA,NA,YES,1,,,,consistency = 4th or 5th slice after Hip starts,
DVF008,789,,,CA3,7,1,0.5,2,,Yes,NA,NA,YES,1,,,,Too lateral,
DVF008,791,,,CA3,8,1,0.5,2,,Yes,NA,NA,YES,2.5,,,,"Not ventral enough, consistency = 4th or 5th slice after Hip starts",
TSM006,799,,,PRL,1,1,0.5,1,12:41,Crack,NA,NA,YES,1,,,,Could not have collected two lower punches,
TSM006,800,,,PRL,2,1,0.5,1,12:44,Crack,NA,NA,YES,3,,,,"Location could not really be assessed but would say 0, in any case not ideal",
TSM006,801,,,ACBcore,3,1,0.5,1,12:47,Yes,NA,NA,YES,2.5,0,,,took a bit of aca,
TSM006,803,,,ACBcore,4,1,0.5,1,12:53,Yes,NA,NA,YES,1.5,1,,,a bit too lateral,
TSM006,802,,,ACBshell,3,1,0.5,1,12:48,Crack,NA,NA,YES,2,0,,,Sampled a bit of neigbouring region,
TSM006,804,,,ACBshell,4,1,0.5,1,12:54,Yes,NA,NA,YES,1,1,,,,
TSM006,805,,,LS,4,2,0.5,2,12:55,Crack,NA,NA,,2,,,,"Part of LS probably missing from slice because of bad cut of hemisphere, thus very lateral",
TSM006,807,,,LS,5,1,0.5,2,13:02,Wet,NA,NA,YES,2,1,,,More ventral than ususal,
TSM006,806,,,mPA,5,4,0.5,1,13:00,,NA,NA,-1,1,0,,,,
TSM006,808,,,mPA,6,1,0.5,1,13:07,Crack,NA,NA,YES,1,1,,,,
TSM006,815,,,VMH,8,1,0.5,1,13:20,"Cracked, slipped",NA,NA,-1,,1,,,Too lateral?,
TSM006,818,,,VMH,7,4,0.5,1,13:29,Yes,NA,NA,YES,,0,,,,
TSM006,813,,,AMY,8,1,0.5,1,13:18,Yes,NA,NA,YES,1,1,,,,
TSM006,814,,,AMY,8,1,0.5,1,13:19,Yes,NA,NA,YES,0,1,,,,
TSM006,816,,,AMY,9,1,0.5,1,,Yes,NA,NA,YES,1,2,,,,
TSM006,817,,,AMY,7,4,0.5,1,13:28,Yes,NA,NA,YES,,0,,,,
TSM006,810,,,CA1,8,1,0.5,2,13:13,Yes,NA,NA,YES,1,,,,,
TSM006,812,,,CA1,9,1,0.5,2,13:17,Yes,NA,NA,YES,1,,,,,
TSM006,809,,,CA3,8,1,0.5,2,13:11,Yes,NA,NA,YES,1,,,,,
TSM006,811,,,CA3,9,1,0.5,2,13:15,Yes,NA,NA,YES,1.5,,,,,
DVF007,819,,,PRL,1,1,0.5,,15:31,Crack,NA,NA,YES,1,0,,,,
DVF007,820,,,PRL,2,1,0.5,,15:34,Yes,NA,NA,YES,1,1,,,,
DVF007,821,,,ACBcore,2,1,0.5,,15:35,Yes,NA,NA,YES,2.5,0,,,too high?,
DVF007,823,,,ACBcore,3,1,0.5,,,Yes,NA,NA,YES,1,1,,,,
DVF007,822,,,ACBshell,2,1,0.5,,15:36,Wet,NA,NA,YES,2,0,,,,
DVF007,824,,,ACBshell,3,1,0.5,,,Yes,NA,NA,YES,1,1,,,,
DVF007,825,,,LS,4,1,0.5,,,Yes,NA,NA,YES,2,0,,,,
DVF007,826,No,,LS,4,1,0.5,2,,Yes,NA,NA,YES,0,1,,,"too lateral, do not take",
DVF007,827,No,,mPA,5,3,0.5,1,,Yes,NA,NA,0,1,0,,,,
DVF007,828,,,mPA,6,1,0.5,1,,Yes,NA,NA,-1,1,1,,,,
DVF007,834,,,VMH,8,1,0.5,1,16:00,Yes,NA,NA,-1,,1,,,"Not sure I should analyze, too lateral",
DVF007,836,,,VMH,7,3,0.5,1,16:06,Yes,NA,NA,YES,3,0,,,too high,
DVF007,838,,,VMH,7,2,0.5,1,,Yes,NA,NA,YES,3,-1,,,too high,
DVF007,833,,,AMY,8,1,0.5,1,15:57,Yes,NA,NA,-1,1,1,,,Not sure I should analyze,
DVF007,835,,,AMY,7,3,0.5,1,16:04,Yes,NA,NA,YES,1,0,,,,
DVF007,837,,,AMY,7,2,0.5,1,,Yes,NA,NA,YES,3,-1,,,"too high, not lateral enough",
DVF007,830,,,CA1,8,1,0.5,2,15:53,Yes,NA,NA,YES,2,0,,,slightly too high,
DVF007,832,,,CA1,9,1,0.5,2,15:55,Yes,NA,NA,YES,1,1,,,,
DVF007,829,,,CA3,8,1,0.5,2,15:52,Yes,NA,NA,YES,1,0,,,,
DVF007,831,,,CA3,9,1,0.5,2,15:54,Yes,NA,NA,YES,1,,,,,
G1M026,839,,,PRL,1,3,0.5,2,17:20,Crack,NA,NA,YES,1,0,,,Could not take upper punch,
G1M026,842,,,PRL,2,1,0.5,3,17:25,Crack,NA,NA,YES,1,1,,,,
G1M026,840,,,ACBcore,2,1,0.5,1,17:22,Yes,NA,NA,YES,1,0,,,,
G1M026,843,,,ACBcore,3,1,0.5,1,,Yes,NA,NA,YES,1,1,,,,
G1M026,841,,,ACBshell,2,1,0.5,1,17:23,Yes,NA,NA,YES,1,0,,,,
G1M026,844,,,ACBshell,3,1,0.5,1,,Yes,NA,NA,YES,1,1,,,,
G1M026,845,,,LS,4,1,0.5,1,17:30,Crack,NA,NA,-1,1,0,No,,,
G1M026,846,,,LS,4,2,0.5,2,17:32,Crack,NA,NA,YES,1,1,,,,
G1M026,847,,,mPA,5,4,0.5,1,17:38,Yes,NA,NA,-1,,0,,,,
G1M026,848,,,mPA,6,1,0.5,1,17:41,Crack,NA,NA,-1,1,1,,,,
G1M026,854,,,VMH,8,1,0.5,1,,Yes,NA,NA,YES,2,0,,,too high?,
G1M026,856,,,VMH,9,1,0.5,1,,Yes,NA,NA,YES,3,1,,,too high,
G1M026,853,,,AMY,8,1,0.5,1,,Yes,NA,NA,YES,3,0,,,Too dorsal,
G1M026,855,,,AMY,9,1,0.5,1,,Yes,NA,NA,YES,1,1,,,,
G1M026,850,,,CA1,8,1,0.5,2,17:49,Yes,NA,NA,YES,1,0,,,,
G1M026,852,,,CA1,9,1,0.5,2,17:55,Yes,NA,NA,YES,1,1,,,,
G1M026,849,,,CA3,8,1,0.5,2,17:42,Did not stick well,NA,NA,0,1,0,,,perhaps should not analyze,
G1M026,851,,,CA3,9,1,0.5,2,17:53,Yes,NA,NA,YES,1,1,,,,
TSM005,857,,,PRL,1,1,0.5,3,20:00,Scratch ,NA,NA,YES,2,-1,,,a bit lower than usual,
TSM005,858,,,PRL,1,2,0.5,3,20:00,Yes,NA,NA,YES,1,0,,,,
TSM005,859,,,ACBcore,2,1,0.5,1,,Press several times,NA,NA,-1,1,0,,,,
TSM005,861,,,ACBcore,3,1,0.5,1,,Yes,NA,NA,YES,1.5,,,,A bit further from aca,
TSM005,860,,,ACBshell,2,1,0.5,1,,Yes,NA,NA,YES,1,0,,,,
TSM005,862,,,ACBshell,3,1,0.5,1,,Yes,NA,NA,YES,2,,,,not lateral enough,
TSM005,863,,,LS,4,1,0.5,2,20:13,Crack,NA,NA,-1,,0,,,,
TSM005,864,,,LS,4,2,0.5,2,20:15,Crack,NA,NA,YES,1,1,,,,
TSM005,865,,,mPA,5,3,0.5,1,20:20,Yes,NA,NA,YES,1,0,,,,
TSM005,866,,,mPA,6,1,0.5,1,20:23,Wet,NA,NA,-1,1,1,,,,
TSM005,872,,,VMH,8,1,0.5,1,20:36,Yes,NA,NA,-1,2,0,,,too lateral,
TSM005,875,,,VMH,8,2,0.5,1,,Yes,NA,NA,YES,1,1,,,,
TSM005,877,,,VMH,7,3,0.5,1,,,NA,NA,YES,3,-1,,,too lateral,
TSM005,871,,,AMY,8,1,0.5,1,20:35,Yes,NA,NA,YES,2,0,,,not lateral enough,
TSM005,874,,,AMY,8,2,0.5,1,20:38,Slipped ,NA,NA,YES,1,1,,,Because of slip may have taken other region,
TSM005,876,,,AMY,7,3,0.5,1,,,NA,NA,YES,3,-1,,,Not lateral enough,
TSM005,868,,,CA1,8,3,0.5,2,20:30,Yes,NA,NA,YES,1,0,,,,
TSM005,870,,,CA1,9,1,0.5,2,20:33,Yes,NA,NA,YES,,1,,,,
TSM005,867,,,CA3,8,3,0.5,2,20:28,Yes,NA,NA,YES,1,0,,,,
TSM005,869,,,CA3,9,1,0.5,2,20:32,Yes,NA,NA,YES,,1,,,,
MAF006,878,,,PRL,1,2,0.5,3,,Crack,NA,NA,YES,1,0,,,,
MAF006,879,,,PRL,2,1,0.5,3,,,NA,NA,YES,0,1,,,too far,
MAF006,880,,,ACBcore,2,1,0.5,1,00:18,,NA,NA,YES,2.5,0,,,Lower than usual,
MAF006,882,,,ACBcore,3,1,0.5,1,,,NA,NA,YES,1,1,,,,
MAF006,881,,,ACBshell,2,1,0.5,1,00:20,,NA,NA,0,2,0,,,not central enough,
MAF006,884,,,ACBshell,3,1,0.5,1,,Slipped ,NA,NA,YES,1,1,,,May have collect some othe regions ,
MAF006,883,,,LS,4,1,0.5,2,,Cracked,NA,NA,YES,,,,,,
MAF006,885,,,LS,4,2,0.5,2,00:37,Crack + Scratch,NA,NA,-1,Unknown,0,,,location difficult to assess,
MAF006,886,,,mPA,6,1,0.5,1,,Cracked,NA,NA,-1,0,2,,,"slice had cracked just above, but had to try, I would not analyze, too lateral, suspect had cracked",
MAF006,887,,,mPA,5,1,0.5,1,,,NA,NA,,0,-1,,,"had completely cracked, tried to take stg",
MAF006,888,,,mPA,5,2,0.5,1,,,NA,NA,-1,3,0,,,"melted under scope before collected, location difficult to assess, not sure I am central enough, if any select that one",
MAF006,902,,,VMH,7,1,0.5,1,,Crack,NA,NA,0,1,0,,,,
MAF006,904,,,VMH,7,2,0.5,1,,Crack + Wet,NA,NA,YES,0,1,,,was missing from slice,
MAF006,901,,,AMY,7,1,0.5,1,,Yes,NA,NA,YES,1,0,,,,
MAF006,903,,,AMY,7,2,0.5,1,,Crack,NA,NA,1,3,1,,,May have taken neighbouring region,
MAF006,900,,,CA1,7,2,0.5,2,,,NA,NA,YES,1,0,,,,
MAF006,906,,,CA1,8,1,0.5,2,01:14,,NA,NA,YES,1,1,,,definitely more caudal than usual,
MAF006,889,,,CA3,7,2,0.5,2,,,NA,NA,YES,1,0,,,,
MAF006,905,,,CA3,8,1,0.5,2,01:12,,NA,NA,YES,1,1,,,more caudal than usual,
MAF008,907,,,PRL,1,3,0.5,3,,,NA,NA,1,1,0,,,,
MAF008,908,,,PRL,2,1,0.5,3,,Crack,NA,NA,1,1,1,,,,
MAF008,909,,,ACBcore,2,1,0.5,1,01:55,Crack,NA,NA,YES,1,0,,,,
MAF008,912,,,ACBcore,3,1,0.5,1,01:58,Yes,NA,NA,YES,1,1,,,,
MAF008,910,,,ACBshell,2,1,0.5,1,01:53,Yes,NA,NA,YES,1,0,,,,
MAF008,913,,,ACBshell,3,1,0.5,1,02:00,Yes,NA,NA,YES,1,1,,,,
MAF008,914,,,LS,4,1,0.5,2,02:04,Yes,NA,NA,YES,1,0,,,,
MAF008,915,,,LS,5,1,0.5,2,02:09,Yes,NA,NA,YES,1,1,,,,
MAF008,916,,,mPA,6,1,0.5,1,02:15,Yes,NA,NA,YES,1,0,,,,
MAF008,917,,,mPA,7,2,0.5,1,,Yes,NA,NA,-1,1,1,,,,
MAF008,923,,,VMH,9,1,0.5,1,,Yes,NA,NA,-1,1,1,,,,
MAF008,922,,,AMY,9,1,0.5,1,,Yes,NA,NA,,0,1,,,not lateral enough?,
MAF008,919,Yes,,CA1,9,1,0.5,2,02:21,Yes,NA,NA,YES,1,,,,,
MAF008,921,No,,CA1,9,1,0.5,2,02:26,Wet,NA,NA,-1,1,,,,too caudal,
MAF008,918,Yes,,CA3,9,1,0.5,2,02:20,Yes,NA,NA,YES,2,,,,bit too dorsal,
MAF008,920,No,,CA3,9,1,0.5,2,02:25,Yes,NA,NA,YES,1,,,,too caudal,
CRF002,926,,,PRL,2,2,0.5,3,16:00,Yes,NA,NA,YES,1,,,,,
CRF002,927,,,PRL,2,1,0.5,3,16:07,Yes,NA,NA,YES,1,,,,,
CRF002,928,,,ACBcore,2,1,0.5,1,16:09,Yes,NA,NA,YES,1,0,,,,
CRF002,930,,,ACBcore,2,2,0.5,1,16:13,Yes,NA,NA,YES,1,1,,,,
CRF002,929,,,ACBshell,2,1,0.5,1,16:10,Yes,NA,NA,YES,1,0,,,,
CRF002,931,,,ACBshell,2,2,0.5,1,16:14,Yes,NA,NA,-1,2,1,,,"Perhaps a bit more lateral?, saw almost nothing",
CRF002,932,,,LS,4,1,0.5,2,16:15,Yes,NA,NA,YES,1,0,,,,
CRF002,933,,,LS,4,2,0.5,2,16:16,Yes,NA,NA,YES,1,1,,,,
CRF002,934,,,mPA,5,3,0.5,1,16:21,Yes,NA,NA,YES,1,,,,,
CRF002,935,,,mPA,6,1,0.5,1,16:23,Crack,NA,NA,YES,3,,,,"taken part next to it, too lateral?",
CRF002,939,,,VMH,8,1,0.5,1,19:15,Yes,NA,NA,0,1,2,,,,
CRF002,943,,,VMH,9,1,0.5,1,,Yes,NA,NA,YES,2,3,,,too lateral?,
CRF002,945,,,VMH,7,3,0.5,1,,Yes,NA,NA,YES,,1,,,,
CRF002,938,,,AMY,8,1,0.5,1,19:14,Yes,NA,NA,YES,3,2,,,"not lateral enough, too dorsal",
CRF002,942,,,AMY,9,1,0.5,1,,Crack,NA,NA,YES,3,3,,,"Probably took a bit of other regions, not lateral enough",
CRF002,944,,,AMY,7,3,0.5,1,,Yes,NA,NA,0,,1,,,,
CRF002,937,,,CA1,8,1,0.5,2,19:13,,NA,NA,YES,1,0,,,,
CRF002,941,,,CA1,9,1,0.5,2,19:20,,NA,NA,YES,1,1,,,,
CRF002,936,,,CA3,8,1,0.5,2,19:12,,NA,NA,YES,1,0,,,,
CRF002,940,,,CA3,9,1,0.5,2,19:18,,NA,NA,YES,1,1,,,,
G1M024,946,,,PRL,1,3,0.5,3,19:36,Crack,NA,NA,1,1,-1,,,,
G1M024,947,,,PRL,2,1,0.5,3,19:38,Yes,NA,NA,1,2,0,,,not as high as usual,
G1M024,948,,,ACBcore,3,1,0.5,1,19:43,Yes,NA,NA,-1,2,0,,,bit too dorsal,
G1M024,950,,,ACBcore,4,1,0.5,1,19:47,Yes,NA,NA,-1,2,1,,,bit too central,
G1M024,949,,,ACBshell,3,1,0.5,1,19:44,Yes,NA,NA,-1,1,0,,,,
G1M024,951,,,ACBshell,4,1,0.5,1,19:48,Yes,NA,NA,YES,2.5,1,,,"too central, location was 2-3",
G1M024,952,,,LS,5,1,0.5,2,19:52,Punch broke,NA,NA,-1,1,0,,,,
G1M024,953,,,LS,5,2,0.5,2,19:54,Yes,NA,NA,YES,0,1,,,,
G1M024,954,,,mPA,6,4,0.5,1,,Yes,NA,NA,YES,2,0,,,perhaps a little bit too lateral,
G1M024,955,,,mPA,7,1,0.5,1,,Yes,NA,NA,YES,2,1,,,perhaps too lateral,
G1M024,961,,,VMH,8,1,0.5,1,,Wet,NA,NA,YES,1,0,,,,
G1M024,962,,,VMH,9,1,0.5,1,20:19,Wet,NA,NA,YES,1.5,1,,,location was 1-2,
G1M024,960,,,AMY,8,1,0.5,1,,Crack,NA,NA,-1,Unknown,0,,,"Location impossible to assess, no reason given, check picture",
G1M024,963,,,AMY,9,1,0.5,1,20:17,Cracked,NA,NA,-1,2-3?,1,,,,
G1M024,957,,,CA1,8,1,0.5,2,,"Cracked, moved",NA,NA,0,,,,,,
G1M024,958,,,CA1,9,1,0.5,2,20:04,,NA,NA,,,,,,,
G1M024,956,,,CA3,8,1,0.5,2,,Yes,NA,NA,YES,,,,,,
G1M024,959,,,CA3,9,1,0.5,2,20:06,,NA,NA,,,,,,,
TSM039,964,,,PRL,1,3,0.5,3,20:30,Cracked + Scratch,NA,NA,YES,1,0,,,,Punch tools start getting tired
TSM039,965,,,ACBcore,2,1,0.5,1,,Yes,NA,NA,YES,2,0,,,,
TSM039,967,,,ACBcore,2,1,0.5,1,20:36,Cracked + Slipped,NA,NA,YES,0,0,,,"Punched aca, more lateral than 265",
TSM039,968,,,ACBcore,3,1,0.5,1,,Yes,NA,NA,YES,2,1,,,,
TSM039,970,,,ACBcore,3,1,0.5,,20:43,Yes,NA,NA,YES,1,1,,,More lateral than 268,
TSM039,966,,,ACBshell,2,1,0.5,1,,Yes,NA,NA,0,,0,,,,
TSM039,969,,,ACBshell,3,1,0.5,1,,Yes,NA,NA,-1,1,1,,,,
TSM039,971,No,,LS,4,1,0.5,1,20:50,Yes,NA,NA,YES,0,0,,,"too lateral, sliced had cracked and missed it",
TSM039,972,Yes,,LS,5,1,0.5,2,,Yes,NA,NA,YES,1,1,,,,
TSM039,974,,,mPA,6,2,0.5,1,,Yes,NA,NA,YES,1,0,,,,
TSM039,973,,,mPA,6,1,0.5,1,,Wet,NA,NA,YES,1,-1,,,,
TSM039,978,,,VMH,8,1,0.5,1,,Wet,NA,NA,0,0,0,,,Punched too lateral,
TSM039,983,,,VMH,9,2,0.5,1,,Wet + Crack,NA,NA,0,2,1,,,,
TSM039,977,,,AMY,8,1,0.5,1,,Wet,NA,NA,0,,0,,,Location difficult to assess because of several punches,
TSM039,981,,,AMY,9,1,0.5,1,,Yes,NA,NA,YES,1,1,,,,
TSM039,976,,,CA1,8,1,0.5,2,,Yes,NA,NA,0,1,0,,,,
TSM039,979,,,CA1,9,1,0.5,2,,Yes,NA,NA,YES,1,1,,,,
TSM039,975,,,CA3,8,1,0.5,2,,Yes,NA,NA,YES,3,0,,,,
TSM039,980,,,CA3,9,1,0.5,2,,Yes,NA,NA,YES,1,1,,,,
TSM038,984,,,PRL,1,2,0.5,3,12:37,Yes,NA,NA,YES,2.5,,,,too close from ec,
TSM038,985,,,ACBcore,2,1,0.5,1,12:40,Yes,NA,NA,-1,2,-1,,,took a little bit of aca,
TSM038,987,,,ACBcore,3,1,0.5,1,,Yes,NA,NA,-1,1,0,,,,
TSM038,986,,,ACBshell,2,1,0.5,1,12:42,Yes,NA,NA,-1,1,0,,,,
TSM038,988,,,ACBshell,3,1,0.5,1,,Yes,NA,NA,-1,1,2.5,,,too dorsal,
TSM038,989,,,LS,4,1,0.5,2,12:50,Yes,NA,NA,YES,2.5,0,,,too lateral,
TSM038,990,,,LS,4,2,0.5,2,,Yes,NA,NA,YES,2.5,1,,,too lateral,
TSM038,991,,,mPA,6,1,0.5,1,12:54,2x,NA,NA,YES,1,0,,,,
TSM038,992,,,mPA,7,1,0.5,1,12:56,Yes,NA,NA,YES,2,1,,,,
TSM038,993,,,mPA,7,1,0.5,1,12:58,Wet,NA,NA,YES,1,,,,More central than 992,
TSM038,997,,,VMH,9,1,0.5,1,13:04,Wet,NA,NA,YES,2,0,,,,
TSM038,998,,,VMH,10,1,0.5,1,,"Little, punch tool broke",NA,NA,YES,1,1,,,,
TSM038,1001,,,VMH,8,2,0.5,1,13:16,yes,NA,NA,YES,1,1,,,,
TSM038,996,,,AMY,9,1,0.5,1,13:02,Yes,NA,NA,YES,2,0,,,Higher than usual,
TSM038,999,,,AMY,10,1,0.5,1,,Cracked,NA,NA,YES,Unknown,1,,,,
TSM038,1000,,,AMY,8,2,0.5,1,13:14,Yes,NA,NA,YES,0,,,,too central,
TSM038,995,,,CA1,9,1,0.5,2,13:00,Scratch ,NA,NA,YES,1,0,,,,
TSM038,994,,,CA3,9,1,0.5,2,13:02,Yes,NA,NA,YES,1,0,,,,
CRF007,1002,,,PRL,1,2,0.5,3,14:13,Slipped ,NA,NA,-1,3,,,,Too lateral,
CRF007,1004,,,ACBcore,2,1,0.5,1,14:31,,NA,NA,-1,1,1,,,"slice consistency = 0 lost, only slice I could get",
CRF007,1003,,,ACBshell,2,1,0.5,1,14:33,Yes,NA,NA,-1,3,1,,,"slice consistency = 0 lost, only slice I could get",
CRF007,1005,,,LS,3,1,0.5,2,14:35,Yes,NA,NA,YES,1,0,,,,
CRF007,1006,,,LS,3,2,0.5,2,14:37,Scratch ,NA,NA,YES,1,0,,,,
CRF007,1007,,,mPA,4,3,0.5,1,,Yes,NA,NA,YES,2.5,1,,,"too lateral, aca joined on previous slice",
CRF007,1008,,,mPA,5,1,0.5,1,14:46,,NA,NA,,2.5,2,,,too lateral,
CRF007,1014,,,VMH,7,1,0.5,1,,Yes,NA,NA,0,3,1,,,too lateral,
CRF007,1016,,,VMH,,1,0.5,1,,Yes,NA,NA,YES,3,2,,,too lateral,
CRF007,,,,VMH,6,3,0.5,1,,Yes,NA,NA,,,,,,could not be taken,
CRF007,1013,,,AMY,7,1,0.5,1,,Yes,NA,NA,YES,3,1,,,too lateral,
CRF007,1015,,,AMY,8,1,0.5,1,,Cracked,NA,NA,YES,1,2,,,,
CRF007,1017,,,AMY,6,3,0.5,1,,Cracked,NA,NA,YES,,,,,,
CRF007,1010,,,CA1,7,1,0.5,2,12:53,,NA,NA,YES,1,0,,,,
CRF007,1012,,,CA1,8,1,0.5,2,12:58,,NA,NA,-1,,1,,,,
CRF007,1009,,,CA3,7,1,0.5,2,12:51,,NA,NA,YES,1,0,,,,
CRF007,1011,,,CA3,8,1,0.5,2,12:56,,NA,NA,YES,,1,,,,
